codigo;tipo;titulo;capitulo;secuencia;FEN;bando_que_mueve;objetivo;nivel;comentario_blancas;comentario_negras;continuidad_didactica;referencia_en_manual
LON-P01;ficha;El negro iguala el centro;Ampliación A;1.d4 d5;rnbqkbnr/ppp1pppp/8/3p4/3P4/8/PPP1PPPP/RNBQKBNR w KQkq d6 0 2;Blancas;"1.d4 d5 2.Cf3 Cf6 3.Af4 c5 4.e3 Cc6 5.c3 Db6 / FEN: r1b1kb1r/pp2pppp/1qn2n2/2pp4/3P1B2/2P1PN2/PP3PPP/RN1QKB1R w KQkq - 1 6 / Mueve: Blancas / Qué cambió: c3 sostiene d4 pero cierra la casilla natural del caballo b1; ...Db6 aprovecha ese tiempo atacando b2 y aumentando la presión sobre d4. / Evaluación: equilibrio con una pregunta concreta para el blanco: defender b2 sin perder la coordinación. / Desarrollo: la dama negra sale porque crea dos objetivos; después debe volver la prioridad a ...e6/...Ae7. / Reyes: el negro todavía no debe abrir el centro si la dama se convierte en objetivo. / Centro y espacio: d4 tiene más defensores, pero b2 obliga a repartir recursos. / Plan negro: aceptar Db3, decidir entre cambio de damas o ...c4 y completar desarrollo. / Plan blanco: Db3 es la respuesta más directa; Cbd2 también desarrolla pero debe resolver b2. / Peor pieza: alfil f8; ...e6 lo libera y acerca el enroque. / Candidatas: Db3, Cbd2; el negro compara ...c4 con un cambio de damas. / Error típico: capturar b2 sin calcular Tb1 y el coste de rescatar la dama. / Referencias: LON-S02; LON-M01; E02/E17/E32.";800-1400 Elo;"1.d4 d5 2.Cf3 Cf6 3.Af4 c5 4.e3 Cc6 5.c3 Db6 / FEN: r1b1kb1r/pp2pppp/1qn2n2/2pp4/3P1B2/2P1PN2/PP3PPP/RN1QKB1R w KQkq - 1 6 / Mueve: Blancas / Qué cambió: c3 sostiene d4 pero cierra la casilla natural del caballo b1; ...Db6 aprovecha ese tiempo atacando b2 y aumentando la presión sobre d4. / Evaluación: equilibrio con una pregunta concreta para el blanco: defender b2 sin perder la coordinación. / Desarrollo: la dama negra sale porque crea dos objetivos; después debe volver la prioridad a ...e6/...Ae7. / Reyes: el negro todavía no debe abrir el centro si la dama se convierte en objetivo. / Centro y espacio: d4 tiene más defensores, pero b2 obliga a repartir recursos. / Plan negro: aceptar Db3, decidir entre cambio de damas o ...c4 y completar desarrollo. / Plan blanco: Db3 es la respuesta más directa; Cbd2 también desarrolla pero debe resolver b2. / Peor pieza: alfil f8; ...e6 lo libera y acerca el enroque. / Candidatas: Db3, Cbd2; el negro compara ...c4 con un cambio de damas. / Error típico: capturar b2 sin calcular Tb1 y el coste de rescatar la dama. / Referencias: LON-S02; LON-M01; E02/E17/E32.";"1.d4 d5 2.Cf3 Cf6 3.Af4 c5 4.e3 Cc6 5.c3 Db6 / FEN: r1b1kb1r/pp2pppp/1qn2n2/2pp4/3P1B2/2P1PN2/PP3PPP/RN1QKB1R w KQkq - 1 6 / Mueve: Blancas / Qué cambió: c3 sostiene d4 pero cierra la casilla natural del caballo b1; ...Db6 aprovecha ese tiempo atacando b2 y aumentando la presión sobre d4. / Evaluación: equilibrio con una pregunta concreta para el blanco: defender b2 sin perder la coordinación. / Desarrollo: la dama negra sale porque crea dos objetivos; después debe volver la prioridad a ...e6/...Ae7. / Reyes: el negro todavía no debe abrir el centro si la dama se convierte en objetivo. / Centro y espacio: d4 tiene más defensores, pero b2 obliga a repartir recursos. / Plan negro: aceptar Db3, decidir entre cambio de damas o ...c4 y completar desarrollo. / Plan blanco: Db3 es la respuesta más directa; Cbd2 también desarrolla pero debe resolver b2. / Peor pieza: alfil f8; ...e6 lo libera y acerca el enroque. / Candidatas: Db3, Cbd2; el negro compara ...c4 con un cambio de damas. / Error típico: capturar b2 sin calcular Tb1 y el coste de rescatar la dama. / Referencias: LON-S02; LON-M01; E02/E17/E32.";Reproducir la posición, elegir dos candidatas y comparar con la continuación del manual.;LON-P01
LON-P02;ficha;Desarrollo natural antes de golpear;Ampliación A;1.d4 d5 2.Cf3 Cf6;rnbqkbnr/ppp1pppp/8/3p4/3P4/8/PPP1PPPP/RNBQKBNR w KQkq d6 0 2;Blancas;"1.d4 d5 2.Cf3 Cf6 3.Af4 c5 4.e3 Cc6 5.c3 Db6 / FEN: r1b1kb1r/pp2pppp/1qn2n2/2pp4/3P1B2/2P1PN2/PP3PPP/RN1QKB1R w KQkq - 1 6 / Mueve: Blancas / Qué cambió: c3 sostiene d4 pero cierra la casilla natural del caballo b1; ...Db6 aprovecha ese tiempo atacando b2 y aumentando la presión sobre d4. / Evaluación: equilibrio con una pregunta concreta para el blanco: defender b2 sin perder la coordinación. / Desarrollo: la dama negra sale porque crea dos objetivos; después debe volver la prioridad a ...e6/...Ae7. / Reyes: el negro todavía no debe abrir el centro si la dama se convierte en objetivo. / Centro y espacio: d4 tiene más defensores, pero b2 obliga a repartir recursos. / Plan negro: aceptar Db3, decidir entre cambio de damas o ...c4 y completar desarrollo. / Plan blanco: Db3 es la respuesta más directa; Cbd2 también desarrolla pero debe resolver b2. / Peor pieza: alfil f8; ...e6 lo libera y acerca el enroque. / Candidatas: Db3, Cbd2; el negro compara ...c4 con un cambio de damas. / Error típico: capturar b2 sin calcular Tb1 y el coste de rescatar la dama. / Referencias: LON-S02; LON-M01; E02/E17/E32.";800-1400 Elo;"1.d4 d5 2.Cf3 Cf6 3.Af4 c5 4.e3 Cc6 5.c3 Db6 6.Db3 c4 / FEN: r1b1kb1r/pp2pppp/1qn2n2/3p4/2pP1B2/1QP1PN2/PP3PPP/RN2KB1R w KQkq - 0 7 / Mueve: Blancas / Qué cambió: ...c4 gana espacio y fija c3, pero ya no presiona d4 con el peón c. La lucha se desplaza a e4 y al ala de dama. / Evaluación: estructura cerrada y jugable; el negro debe justificar el espacio desarrollando con rapidez. / Desarrollo: ...Af5 y ...e6 son más urgentes que nuevos movimientos de dama. / Reyes: con el centro cerrado hay algo más de tiempo, pero el enroque sigue siendo prioridad. / Centro y espacio: el blanco puede preparar e4; el negro dispone de ...b5 para sostener c4. / Plan negro: ...Af5, ...e6, ...b5 y responder a e4 con ...dxe4 cuando convenga. / Plan blanco: Dxb6 para simplificar o Cbd2/e4 para romper la cadena. / Peor pieza: alfil c8; en f5 ayuda a vigilar e4. / Candidatas: Dxb6, Cbd2; para negras, desarrollo antes de expandir. / Error típico: ...b5 demasiado pronto y permitir a4/b3 atacar la cadena sin piezas. / Referencias: LON-S02; LON-F01; E12/E27.";"1.d4 d5 2.Cf3 Cf6 3.Af4 c5 4.e3 Cc6 5.c3 Db6 6.Db3 c4 / FEN: r1b1kb1r/pp2pppp/1qn2n2/3p4/2pP1B2/1QP1PN2/PP3PPP/RN2KB1R w KQkq - 0 7 / Mueve: Blancas / Qué cambió: ...c4 gana espacio y fija c3, pero ya no presiona d4 con el peón c. La lucha se desplaza a e4 y al ala de dama. / Evaluación: estructura cerrada y jugable; el negro debe justificar el espacio desarrollando con rapidez. / Desarrollo: ...Af5 y ...e6 son más urgentes que nuevos movimientos de dama. / Reyes: con el centro cerrado hay algo más de tiempo, pero el enroque sigue siendo prioridad. / Centro y espacio: el blanco puede preparar e4; el negro dispone de ...b5 para sostener c4. / Plan negro: ...Af5, ...e6, ...b5 y responder a e4 con ...dxe4 cuando convenga. / Plan blanco: Dxb6 para simplificar o Cbd2/e4 para romper la cadena. / Peor pieza: alfil c8; en f5 ayuda a vigilar e4. / Candidatas: Dxb6, Cbd2; para negras, desarrollo antes de expandir. / Error típico: ...b5 demasiado pronto y permitir a4/b3 atacar la cadena sin piezas. / Referencias: LON-S02; LON-F01; E12/E27.";Reproducir la posición, elegir dos candidatas y comparar con la continuación del manual.;LON-P02
LON-P03;ficha;El alfil londinense sale fuera de la cadena;Ampliación A;1.d4 d5 2.Cf3 Cf6 3.Af4 c5;rnbqkb1r/pp2pppp/5n2/2pp4/3P1B2/5N2/PPP1PPPP/RN1QKB1R w KQkq c6 0 4;Blancas;"1.d4 d5 2.Cf3 Cf6 3.Af4 c5 4.e3 Cc6 5.c3 Db6 / FEN: r1b1kb1r/pp2pppp/1qn2n2/2pp4/3P1B2/2P1PN2/PP3PPP/RN1QKB1R w KQkq - 1 6 / Mueve: Blancas / Qué cambió: c3 sostiene d4 pero cierra la casilla natural del caballo b1; ...Db6 aprovecha ese tiempo atacando b2 y aumentando la presión sobre d4. / Evaluación: equilibrio con una pregunta concreta para el blanco: defender b2 sin perder la coordinación. / Desarrollo: la dama negra sale porque crea dos objetivos; después debe volver la prioridad a ...e6/...Ae7. / Reyes: el negro todavía no debe abrir el centro si la dama se convierte en objetivo. / Centro y espacio: d4 tiene más defensores, pero b2 obliga a repartir recursos. / Plan negro: aceptar Db3, decidir entre cambio de damas o ...c4 y completar desarrollo. / Plan blanco: Db3 es la respuesta más directa; Cbd2 también desarrolla pero debe resolver b2. / Peor pieza: alfil f8; ...e6 lo libera y acerca el enroque. / Candidatas: Db3, Cbd2; el negro compara ...c4 con un cambio de damas. / Error típico: capturar b2 sin calcular Tb1 y el coste de rescatar la dama. / Referencias: LON-S02; LON-M01; E02/E17/E32.";800-1400 Elo;"1.d4 d5 2.Cf3 Cf6 3.Af4 c5 4.e3 Cc6 5.c3 Db6 6.Db3 c4 7.Dxb6 axb6 / FEN: r1b1kb1r/1p2pppp/1pn2n2/3p4/2pP1B2/2P1PN2/PP3PPP/RN2KB1R w KQkq - 0 8 / Mueve: Blancas / Qué cambió: el cambio de damas elimina la presión táctica sobre b2 y abre la columna a para la torre negra. / Evaluación: el negro acepta una estructura poco estética a cambio de actividad y espacio. / Desarrollo: ...Af5 y ...e6 deben salir antes de usar la columna a. / Reyes: sin damas, los reyes pueden centralizarse antes, pero las torres aún necesitan conexión. / Centro y espacio: c4 fija c3; e4 será el principal intento blanco de liberación. / Plan negro: ...Af5, ...e6, ...b5 y torre a5/a8 según la posición. / Plan blanco: Cbd2, Ae2 y e4; también b3 para atacar c4. / Peor pieza: alfil c8, aún encerrado. / Candidatas: Cbd2 y a3; negras responden desarrollando, no defendiendo peones por reflejo. / Error típico: considerar ...axb6 una debilidad pura y jugar pasivo en vez de usar la columna a. / Referencias: LON-S03; LON-F01; E03/E18/E33.";"1.d4 d5 2.Cf3 Cf6 3.Af4 c5 4.e3 Cc6 5.c3 Db6 6.Db3 c4 7.Dxb6 axb6 / FEN: r1b1kb1r/1p2pppp/1pn2n2/3p4/2pP1B2/2P1PN2/PP3PPP/RN2KB1R w KQkq - 0 8 / Mueve: Blancas / Qué cambió: el cambio de damas elimina la presión táctica sobre b2 y abre la columna a para la torre negra. / Evaluación: el negro acepta una estructura poco estética a cambio de actividad y espacio. / Desarrollo: ...Af5 y ...e6 deben salir antes de usar la columna a. / Reyes: sin damas, los reyes pueden centralizarse antes, pero las torres aún necesitan conexión. / Centro y espacio: c4 fija c3; e4 será el principal intento blanco de liberación. / Plan negro: ...Af5, ...e6, ...b5 y torre a5/a8 según la posición. / Plan blanco: Cbd2, Ae2 y e4; también b3 para atacar c4. / Peor pieza: alfil c8, aún encerrado. / Candidatas: Cbd2 y a3; negras responden desarrollando, no defendiendo peones por reflejo. / Error típico: considerar ...axb6 una debilidad pura y jugar pasivo en vez de usar la columna a. / Referencias: LON-S03; LON-F01; E03/E18/E33.";Reproducir la posición, elegir dos candidatas y comparar con la continuación del manual.;LON-P03
LON-P04;ficha;...c5 cuestiona d4;Ampliación A;1.d4 d5 2.Cf3 Cf6 3.Af4 c5 4.e3 Cc6;rnbqkb1r/pp2pppp/5n2/2pp4/3P1B2/5N2/PPP1PPPP/RN1QKB1R w KQkq c6 0 4;Blancas;"1.d4 d5 2.Cf3 Cf6 3.Af4 c5 4.e3 Cc6 5.c3 Db6 / FEN: r1b1kb1r/pp2pppp/1qn2n2/2pp4/3P1B2/2P1PN2/PP3PPP/RN1QKB1R w KQkq - 1 6 / Mueve: Blancas / Qué cambió: c3 sostiene d4 pero cierra la casilla natural del caballo b1; ...Db6 aprovecha ese tiempo atacando b2 y aumentando la presión sobre d4. / Evaluación: equilibrio con una pregunta concreta para el blanco: defender b2 sin perder la coordinación. / Desarrollo: la dama negra sale porque crea dos objetivos; después debe volver la prioridad a ...e6/...Ae7. / Reyes: el negro todavía no debe abrir el centro si la dama se convierte en objetivo. / Centro y espacio: d4 tiene más defensores, pero b2 obliga a repartir recursos. / Plan negro: aceptar Db3, decidir entre cambio de damas o ...c4 y completar desarrollo. / Plan blanco: Db3 es la respuesta más directa; Cbd2 también desarrolla pero debe resolver b2. / Peor pieza: alfil f8; ...e6 lo libera y acerca el enroque. / Candidatas: Db3, Cbd2; el negro compara ...c4 con un cambio de damas. / Error típico: capturar b2 sin calcular Tb1 y el coste de rescatar la dama. / Referencias: LON-S02; LON-M01; E02/E17/E32.";800-1400 Elo;"...8.Cd2 Af5 / FEN: r3kb1r/1p2pppp/1pn2n2/3p1b2/2pP1B2/2P1PN2/PP1N1PPP/R3KB1R w KQkq - 2 9 / Mueve: Blancas / Qué cambió: ...Af5 desarrolla el alfil fuera de la cadena e6 y aumenta el control de e4. / Evaluación: el negro ha resuelto su peor pieza y puede completar el desarrollo con ...e6. / Desarrollo: faltan ...e6, ...Ae7 y enroque; no hay razón para iniciar operaciones tácticas antes. / Reyes: ambos siguen en e1/e8; el centro cerrado reduce el peligro, pero e4 puede abrirlo. / Centro y espacio: el blanco prepara e4; el negro sostiene d5 y c4. / Plan negro: ...e6, ...Ae7 y ...b5 cuando el centro esté bajo control. / Plan blanco: a3, Ae2 y O-O antes de e4. / Peor pieza: alfil f8, que necesita e7. / Candidatas: a3/Ae2; para negras ...e6. / Error típico: ...Ch5 para ganar el alfil y perder tiempos cuando e4 es la ruptura real. / Referencias: LON-S02/S03; LON-M01; E03/E13/E28.";"...8.Cd2 Af5 / FEN: r3kb1r/1p2pppp/1pn2n2/3p1b2/2pP1B2/2P1PN2/PP1N1PPP/R3KB1R w KQkq - 2 9 / Mueve: Blancas / Qué cambió: ...Af5 desarrolla el alfil fuera de la cadena e6 y aumenta el control de e4. / Evaluación: el negro ha resuelto su peor pieza y puede completar el desarrollo con ...e6. / Desarrollo: faltan ...e6, ...Ae7 y enroque; no hay razón para iniciar operaciones tácticas antes. / Reyes: ambos siguen en e1/e8; el centro cerrado reduce el peligro, pero e4 puede abrirlo. / Centro y espacio: el blanco prepara e4; el negro sostiene d5 y c4. / Plan negro: ...e6, ...Ae7 y ...b5 cuando el centro esté bajo control. / Plan blanco: a3, Ae2 y O-O antes de e4. / Peor pieza: alfil f8, que necesita e7. / Candidatas: a3/Ae2; para negras ...e6. / Error típico: ...Ch5 para ganar el alfil y perder tiempos cuando e4 es la ruptura real. / Referencias: LON-S02/S03; LON-M01; E03/E13/E28.";Reproducir la posición, elegir dos candidatas y comparar con la continuación del manual.;LON-P04
LON-P05;ficha;...Cc6 aumenta la presión central;Ampliación A;1.d4 d5 2.Cf3 Cf6 3.Af4 c5 4.e3 Cc6 5.c3 Db6;r1b1kb1r/pp2pppp/1qn2n2/2pp4/3P1B2/2P1PN2/PP3PPP/RN1QKB1R w KQkq - 1 6;Blancas;"1.d4 d5 2.Cf3 Cf6 3.Af4 c5 4.e3 Cc6 5.c3 Db6 / FEN: r1b1kb1r/pp2pppp/1qn2n2/2pp4/3P1B2/2P1PN2/PP3PPP/RN1QKB1R w KQkq - 1 6 / Mueve: Blancas / Qué cambió: c3 sostiene d4 pero cierra la casilla natural del caballo b1; ...Db6 aprovecha ese tiempo atacando b2 y aumentando la presión sobre d4. / Evaluación: equilibrio con una pregunta concreta para el blanco: defender b2 sin perder la coordinación. / Desarrollo: la dama negra sale porque crea dos objetivos; después debe volver la prioridad a ...e6/...Ae7. / Reyes: el negro todavía no debe abrir el centro si la dama se convierte en objetivo. / Centro y espacio: d4 tiene más defensores, pero b2 obliga a repartir recursos. / Plan negro: aceptar Db3, decidir entre cambio de damas o ...c4 y completar desarrollo. / Plan blanco: Db3 es la respuesta más directa; Cbd2 también desarrolla pero debe resolver b2. / Peor pieza: alfil f8; ...e6 lo libera y acerca el enroque. / Candidatas: Db3, Cbd2; el negro compara ...c4 con un cambio de damas. / Error típico: capturar b2 sin calcular Tb1 y el coste de rescatar la dama. / Referencias: LON-S02; LON-M01; E02/E17/E32.";800-1400 Elo;"...9.a3 e6 10.Ae2 Ae7 / FEN: r3k2r/1p2bppp/1pn1pn2/3p1b2/2pP1B2/P1P1PN2/1P1NBPPP/R3K2R w KQkq - 2 11 / Mueve: Blancas / Qué cambió: el negro ha completado sus piezas menores y está a un movimiento del enroque; el blanco también puede asegurar el rey. / Evaluación: estructura equilibrada; la próxima fase depende de e4 y de la expansión ...b5. / Desarrollo: las torres aún no están conectadas; enrocar tiene prioridad sobre ...b5. / Reyes: O-O de ambos bandos permite abrir el centro con menor riesgo. / Centro y espacio: c4 da espacio negro; d4 sigue siendo el ancla blanca. / Plan negro: O-O, ...h6 si evita una molestia concreta y ...b5 con apoyo. / Plan blanco: O-O, h3 y Te1 para e4. / Peor pieza: torre a8, que ganará función tras el cambio de damas. / Candidatas: O-O/h3 para blancas; ...O-O para negras. / Error típico: buscar ...b5-b4 antes de terminar el desarrollo. / Referencias: LON-S03/S04; LON-M01; E04/E19/E34.";"...9.a3 e6 10.Ae2 Ae7 / FEN: r3k2r/1p2bppp/1pn1pn2/3p1b2/2pP1B2/P1P1PN2/1P1NBPPP/R3K2R w KQkq - 2 11 / Mueve: Blancas / Qué cambió: el negro ha completado sus piezas menores y está a un movimiento del enroque; el blanco también puede asegurar el rey. / Evaluación: estructura equilibrada; la próxima fase depende de e4 y de la expansión ...b5. / Desarrollo: las torres aún no están conectadas; enrocar tiene prioridad sobre ...b5. / Reyes: O-O de ambos bandos permite abrir el centro con menor riesgo. / Centro y espacio: c4 da espacio negro; d4 sigue siendo el ancla blanca. / Plan negro: O-O, ...h6 si evita una molestia concreta y ...b5 con apoyo. / Plan blanco: O-O, h3 y Te1 para e4. / Peor pieza: torre a8, que ganará función tras el cambio de damas. / Candidatas: O-O/h3 para blancas; ...O-O para negras. / Error típico: buscar ...b5-b4 antes de terminar el desarrollo. / Referencias: LON-S03/S04; LON-M01; E04/E19/E34.";Reproducir la posición, elegir dos candidatas y comparar con la continuación del manual.;LON-P05
LON-P06;ficha;...Db6 obliga a mirar b2 y d4;Ampliación A;1.d4 d5 2.Cf3 Cf6 3.Af4 c5 4.e3 Cc6 5.c3 Db6 6.Db3 c4;r1b1kb1r/pp2pppp/1qn2n2/2pp4/3P1B2/2P1PN2/PP3PPP/RN1QKB1R w KQkq - 1 6;Blancas;"1.d4 d5 2.Cf3 Cf6 3.Af4 c5 4.e3 Cc6 5.c3 Db6 / FEN: r1b1kb1r/pp2pppp/1qn2n2/2pp4/3P1B2/2P1PN2/PP3PPP/RN1QKB1R w KQkq - 1 6 / Mueve: Blancas / Qué cambió: c3 sostiene d4 pero cierra la casilla natural del caballo b1; ...Db6 aprovecha ese tiempo atacando b2 y aumentando la presión sobre d4. / Evaluación: equilibrio con una pregunta concreta para el blanco: defender b2 sin perder la coordinación. / Desarrollo: la dama negra sale porque crea dos objetivos; después debe volver la prioridad a ...e6/...Ae7. / Reyes: el negro todavía no debe abrir el centro si la dama se convierte en objetivo. / Centro y espacio: d4 tiene más defensores, pero b2 obliga a repartir recursos. / Plan negro: aceptar Db3, decidir entre cambio de damas o ...c4 y completar desarrollo. / Plan blanco: Db3 es la respuesta más directa; Cbd2 también desarrolla pero debe resolver b2. / Peor pieza: alfil f8; ...e6 lo libera y acerca el enroque. / Candidatas: Db3, Cbd2; el negro compara ...c4 con un cambio de damas. / Error típico: capturar b2 sin calcular Tb1 y el coste de rescatar la dama. / Referencias: LON-S02; LON-M01; E02/E17/E32.";800-1400 Elo;"...11.O-O O-O 12.h3 h6 / FEN: r4rk1/1p2bpp1/1pn1pn1p/3p1b2/2pP1B2/P1P1PN1P/1P1NBPP1/R4RK1 w - - 0 13 / Mueve: Blancas / Qué cambió: los dos reyes están seguros y ya puede evaluarse la ruptura e4 sin el factor rey en el centro. / Evaluación: equilibrio; el negro tiene espacio en c4 y el blanco puede cuestionarlo desde el centro. / Desarrollo: las torres necesitan columnas; Te1 y ...b5/...Td8 preparan la transición. / Reyes: la seguridad permite calcular cambios centrales con más libertad. / Centro y espacio: e4 es ahora la ruptura blanca; ...dxe4 es una respuesta concreta. / Plan negro: ...b5, ...Cd7 y capturar en e4 si la secuencia deja piezas activas. / Plan blanco: Te1, Af1 y e4. / Peor pieza: caballo f6 puede reubicarse a d7 para controlar e5/c5. / Candidatas: Te1; negras ...b5 o ...Cd7 según el orden. / Error típico: mantener d5 por orgullo cuando ...dxe4 libera piezas y elimina el centro blanco. / Referencias: LON-S04; LON-M01; E04/E14/E29.";"...11.O-O O-O 12.h3 h6 / FEN: r4rk1/1p2bpp1/1pn1pn1p/3p1b2/2pP1B2/P1P1PN1P/1P1NBPP1/R4RK1 w - - 0 13 / Mueve: Blancas / Qué cambió: los dos reyes están seguros y ya puede evaluarse la ruptura e4 sin el factor rey en el centro. / Evaluación: equilibrio; el negro tiene espacio en c4 y el blanco puede cuestionarlo desde el centro. / Desarrollo: las torres necesitan columnas; Te1 y ...b5/...Td8 preparan la transición. / Reyes: la seguridad permite calcular cambios centrales con más libertad. / Centro y espacio: e4 es ahora la ruptura blanca; ...dxe4 es una respuesta concreta. / Plan negro: ...b5, ...Cd7 y capturar en e4 si la secuencia deja piezas activas. / Plan blanco: Te1, Af1 y e4. / Peor pieza: caballo f6 puede reubicarse a d7 para controlar e5/c5. / Candidatas: Te1; negras ...b5 o ...Cd7 según el orden. / Error típico: mantener d5 por orgullo cuando ...dxe4 libera piezas y elimina el centro blanco. / Referencias: LON-S04; LON-M01; E04/E14/E29.";Reproducir la posición, elegir dos candidatas y comparar con la continuación del manual.;LON-P06
LON-P07;ficha;El cambio de damas transforma la partida;Ampliación A;1.d4 d5 2.Cf3 Cf6 3.Af4 c5 4.e3 Cc6 5.c3 Db6 6.Db3 c4 7.Dxb6 axb6;r1b1kb1r/1p2pppp/1pn2n2/3p4/2pP1B2/2P1PN2/PP3PPP/RN2KB1R w KQkq - 0 8;Blancas;Reconocer la decisión crítica y conectar apertura, estructura y plan.;800-1400 Elo;"...13.Te1 b5 14.Af1 Cd7 15.e4 dxe4 / FEN: r4rk1/1p1nbpp1/2n1p2p/1p3b2/2pPpB2/P1P2N1P/1P1N1PP1/R3RBK1 w - - 0 16 / Mueve: Blancas / Qué cambió: e4 ha roto la estructura y ...dxe4 ha cedido d5 para eliminar el peón e4. El caballo blanco puede recuperar en e4. / Evaluación: transición al medio juego; la actividad de piezas vale más que conservar cada peón. / Desarrollo: todas las piezas menores están activas; las torres ya tienen columnas centrales. / Reyes: ambos seguros; la táctica gira sobre e4 y d4. / Centro y espacio: desaparece el peón e blanco y d4 queda más expuesto. / Plan negro: después de Cxe4, cambiar la pieza activa con ...Axe4 y reubicar el caballo hacia d5. / Plan blanco: Cxe4 y usar la torre e para recuperar actividad. / Peor pieza: caballo c6 puede saltar a e7/d5 según los cambios. / Candidatas: Cxe4; negras ...Axe4. / Error típico: defender e4 con una pieza pasiva y permitir que el negro mantenga el peón extra de espacio. / Referencias: LON-S05; LON-M01; E05/E20/E35.";"...13.Te1 b5 14.Af1 Cd7 15.e4 dxe4 / FEN: r4rk1/1p1nbpp1/2n1p2p/1p3b2/2pPpB2/P1P2N1P/1P1N1PP1/R3RBK1 w - - 0 16 / Mueve: Blancas / Qué cambió: e4 ha roto la estructura y ...dxe4 ha cedido d5 para eliminar el peón e4. El caballo blanco puede recuperar en e4. / Evaluación: transición al medio juego; la actividad de piezas vale más que conservar cada peón. / Desarrollo: todas las piezas menores están activas; las torres ya tienen columnas centrales. / Reyes: ambos seguros; la táctica gira sobre e4 y d4. / Centro y espacio: desaparece el peón e blanco y d4 queda más expuesto. / Plan negro: después de Cxe4, cambiar la pieza activa con ...Axe4 y reubicar el caballo hacia d5. / Plan blanco: Cxe4 y usar la torre e para recuperar actividad. / Peor pieza: caballo c6 puede saltar a e7/d5 según los cambios. / Candidatas: Cxe4; negras ...Axe4. / Error típico: defender e4 con una pieza pasiva y permitir que el negro mantenga el peón extra de espacio. / Referencias: LON-S05; LON-M01; E05/E20/E35.";Reproducir la posición, elegir dos candidatas y comparar con la continuación del manual.;LON-P07
LON-P08;ficha;Columna a abierta y peón b6 como activo;Ampliación A;...8.Cd2 Af5;r1b1kb1r/1p2pppp/1pn2n2/3p4/2pP1B2/2P1PN2/PP3PPP/RN2KB1R w KQkq - 0 8;Blancas;"...16.Cxe4 Axe4 17.Txe4 Cf6 18.Te1 Cd5 19.Ag3 Td8 20.Ce5 / FEN: r2r2k1/1p2bpp1/2n1p2p/1p1nN3/2pP4/P1P3BP/1P3PP1/R3RBK1 b - - 6 20 / Mueve: Negras / Qué cambió: el centro se ha simplificado; el caballo blanco ocupa e5 y las torres negras ya tienen una columna d útil. / Evaluación: medio juego igualado con tareas claras: negro presiona d4; blanco usa e5. / Desarrollo: ya no queda desarrollo de apertura; cada movimiento debe mejorar una pieza concreta. / Reyes: seguros; las torres pueden operar activamente. / Centro y espacio: d4 es objetivo fijo y e5 puesto avanzado. / Plan negro: cambiar o desafiar el caballo e5, doblar presión en d4 y activar la torre por d. / Plan blanco: sostener Ce5, evitar pasividad sobre d4 y buscar f4 o b3 según la posición. / Peor pieza: caballo c6 si no encuentra d4/e7; debe coordinarse con la torre. / Candidatas: ...Cxe5 si es tácticamente correcto, ...Tac8 o ...Af6 según la posición. / Error típico: empujar peones del ala de rey y abandonar la presión central que justifica la apertura. / Referencias: LON-S05/S06; LON-F02; E06/E21/E36.";800-1400 Elo;"...16.Cxe4 Axe4 17.Txe4 Cf6 18.Te1 Cd5 19.Ag3 Td8 20.Ce5 / FEN: r2r2k1/1p2bpp1/2n1p2p/1p1nN3/2pP4/P1P3BP/1P3PP1/R3RBK1 b - - 6 20 / Mueve: Negras / Qué cambió: el centro se ha simplificado; el caballo blanco ocupa e5 y las torres negras ya tienen una columna d útil. / Evaluación: medio juego igualado con tareas claras: negro presiona d4; blanco usa e5. / Desarrollo: ya no queda desarrollo de apertura; cada movimiento debe mejorar una pieza concreta. / Reyes: seguros; las torres pueden operar activamente. / Centro y espacio: d4 es objetivo fijo y e5 puesto avanzado. / Plan negro: cambiar o desafiar el caballo e5, doblar presión en d4 y activar la torre por d. / Plan blanco: sostener Ce5, evitar pasividad sobre d4 y buscar f4 o b3 según la posición. / Peor pieza: caballo c6 si no encuentra d4/e7; debe coordinarse con la torre. / Candidatas: ...Cxe5 si es tácticamente correcto, ...Tac8 o ...Af6 según la posición. / Error típico: empujar peones del ala de rey y abandonar la presión central que justifica la apertura. / Referencias: LON-S05/S06; LON-F02; E06/E21/E36.";"...16.Cxe4 Axe4 17.Txe4 Cf6 18.Te1 Cd5 19.Ag3 Td8 20.Ce5 / FEN: r2r2k1/1p2bpp1/2n1p2p/1p1nN3/2pP4/P1P3BP/1P3PP1/R3RBK1 b - - 6 20 / Mueve: Negras / Qué cambió: el centro se ha simplificado; el caballo blanco ocupa e5 y las torres negras ya tienen una columna d útil. / Evaluación: medio juego igualado con tareas claras: negro presiona d4; blanco usa e5. / Desarrollo: ya no queda desarrollo de apertura; cada movimiento debe mejorar una pieza concreta. / Reyes: seguros; las torres pueden operar activamente. / Centro y espacio: d4 es objetivo fijo y e5 puesto avanzado. / Plan negro: cambiar o desafiar el caballo e5, doblar presión en d4 y activar la torre por d. / Plan blanco: sostener Ce5, evitar pasividad sobre d4 y buscar f4 o b3 según la posición. / Peor pieza: caballo c6 si no encuentra d4/e7; debe coordinarse con la torre. / Candidatas: ...Cxe5 si es tácticamente correcto, ...Tac8 o ...Af6 según la posición. / Error típico: empujar peones del ala de rey y abandonar la presión central que justifica la apertura. / Referencias: LON-S05/S06; LON-F02; E06/E21/E36.";Reproducir la posición, elegir dos candidatas y comparar con la continuación del manual.;LON-P08
LON-P09;ficha;Desarrollo coordinado sin perseguir el alfil;Ampliación A;...9.a3 e6 10.Ae2 Ae7;r3k2r/1p2bppp/1pn1pn2/3p1b2/2pP1B2/P1P1PN2/1P1NBPPP/R3K2R w KQkq - 2 11;Blancas;"...16.Cxe4 Axe4 17.Txe4 Cf6 18.Te1 Cd5 19.Ag3 Td8 20.Ce5 / FEN: r2r2k1/1p2bpp1/2n1p2p/1p1nN3/2pP4/P1P3BP/1P3PP1/R3RBK1 b - - 6 20 / Mueve: Negras / Qué cambió: el centro se ha simplificado; el caballo blanco ocupa e5 y las torres negras ya tienen una columna d útil. / Evaluación: medio juego igualado con tareas claras: negro presiona d4; blanco usa e5. / Desarrollo: ya no queda desarrollo de apertura; cada movimiento debe mejorar una pieza concreta. / Reyes: seguros; las torres pueden operar activamente. / Centro y espacio: d4 es objetivo fijo y e5 puesto avanzado. / Plan negro: cambiar o desafiar el caballo e5, doblar presión en d4 y activar la torre por d. / Plan blanco: sostener Ce5, evitar pasividad sobre d4 y buscar f4 o b3 según la posición. / Peor pieza: caballo c6 si no encuentra d4/e7; debe coordinarse con la torre. / Candidatas: ...Cxe5 si es tácticamente correcto, ...Tac8 o ...Af6 según la posición. / Error típico: empujar peones del ala de rey y abandonar la presión central que justifica la apertura. / Referencias: LON-S05/S06; LON-F02; E06/E21/E36.";800-1400 Elo;"...16.Cxe4 Axe4 17.Txe4 Cf6 18.Te1 Cd5 19.Ag3 Td8 20.Ce5 / FEN: r2r2k1/1p2bpp1/2n1p2p/1p1nN3/2pP4/P1P3BP/1P3PP1/R3RBK1 b - - 6 20 / Mueve: Negras / Qué cambió: el centro se ha simplificado; el caballo blanco ocupa e5 y las torres negras ya tienen una columna d útil. / Evaluación: medio juego igualado con tareas claras: negro presiona d4; blanco usa e5. / Desarrollo: ya no queda desarrollo de apertura; cada movimiento debe mejorar una pieza concreta. / Reyes: seguros; las torres pueden operar activamente. / Centro y espacio: d4 es objetivo fijo y e5 puesto avanzado. / Plan negro: cambiar o desafiar el caballo e5, doblar presión en d4 y activar la torre por d. / Plan blanco: sostener Ce5, evitar pasividad sobre d4 y buscar f4 o b3 según la posición. / Peor pieza: caballo c6 si no encuentra d4/e7; debe coordinarse con la torre. / Candidatas: ...Cxe5 si es tácticamente correcto, ...Tac8 o ...Af6 según la posición. / Error típico: empujar peones del ala de rey y abandonar la presión central que justifica la apertura. / Referencias: LON-S05/S06; LON-F02; E06/E21/E36.";"...16.Cxe4 Axe4 17.Txe4 Cf6 18.Te1 Cd5 19.Ag3 Td8 20.Ce5 / FEN: r2r2k1/1p2bpp1/2n1p2p/1p1nN3/2pP4/P1P3BP/1P3PP1/R3RBK1 b - - 6 20 / Mueve: Negras / Qué cambió: el centro se ha simplificado; el caballo blanco ocupa e5 y las torres negras ya tienen una columna d útil. / Evaluación: medio juego igualado con tareas claras: negro presiona d4; blanco usa e5. / Desarrollo: ya no queda desarrollo de apertura; cada movimiento debe mejorar una pieza concreta. / Reyes: seguros; las torres pueden operar activamente. / Centro y espacio: d4 es objetivo fijo y e5 puesto avanzado. / Plan negro: cambiar o desafiar el caballo e5, doblar presión en d4 y activar la torre por d. / Plan blanco: sostener Ce5, evitar pasividad sobre d4 y buscar f4 o b3 según la posición. / Peor pieza: caballo c6 si no encuentra d4/e7; debe coordinarse con la torre. / Candidatas: ...Cxe5 si es tácticamente correcto, ...Tac8 o ...Af6 según la posición. / Error típico: empujar peones del ala de rey y abandonar la presión central que justifica la apertura. / Referencias: LON-S05/S06; LON-F02; E06/E21/E36.";Reproducir la posición, elegir dos candidatas y comparar con la continuación del manual.;LON-P09
LON-P10;ficha;Reyes seguros antes de abrir el centro;Ampliación A;...11.O-O O-O 12.h3 h6;r3k2r/1p2bppp/1pn1pn2/3p1b2/2pP1B2/P1P1PN2/1P1NBPPP/R3K2R w KQkq - 2 11;Blancas;"...16.Cxe4 Axe4 17.Txe4 Cf6 18.Te1 Cd5 19.Ag3 Td8 20.Ce5 / FEN: r2r2k1/1p2bpp1/2n1p2p/1p1nN3/2pP4/P1P3BP/1P3PP1/R3RBK1 b - - 6 20 / Mueve: Negras / Qué cambió: el centro se ha simplificado; el caballo blanco ocupa e5 y las torres negras ya tienen una columna d útil. / Evaluación: medio juego igualado con tareas claras: negro presiona d4; blanco usa e5. / Desarrollo: ya no queda desarrollo de apertura; cada movimiento debe mejorar una pieza concreta. / Reyes: seguros; las torres pueden operar activamente. / Centro y espacio: d4 es objetivo fijo y e5 puesto avanzado. / Plan negro: cambiar o desafiar el caballo e5, doblar presión en d4 y activar la torre por d. / Plan blanco: sostener Ce5, evitar pasividad sobre d4 y buscar f4 o b3 según la posición. / Peor pieza: caballo c6 si no encuentra d4/e7; debe coordinarse con la torre. / Candidatas: ...Cxe5 si es tácticamente correcto, ...Tac8 o ...Af6 según la posición. / Error típico: empujar peones del ala de rey y abandonar la presión central que justifica la apertura. / Referencias: LON-S05/S06; LON-F02; E06/E21/E36.";800-1400 Elo;"...16.Cxe4 Axe4 17.Txe4 Cf6 18.Te1 Cd5 19.Ag3 Td8 20.Ce5 / FEN: r2r2k1/1p2bpp1/2n1p2p/1p1nN3/2pP4/P1P3BP/1P3PP1/R3RBK1 b - - 6 20 / Mueve: Negras / Qué cambió: el centro se ha simplificado; el caballo blanco ocupa e5 y las torres negras ya tienen una columna d útil. / Evaluación: medio juego igualado con tareas claras: negro presiona d4; blanco usa e5. / Desarrollo: ya no queda desarrollo de apertura; cada movimiento debe mejorar una pieza concreta. / Reyes: seguros; las torres pueden operar activamente. / Centro y espacio: d4 es objetivo fijo y e5 puesto avanzado. / Plan negro: cambiar o desafiar el caballo e5, doblar presión en d4 y activar la torre por d. / Plan blanco: sostener Ce5, evitar pasividad sobre d4 y buscar f4 o b3 según la posición. / Peor pieza: caballo c6 si no encuentra d4/e7; debe coordinarse con la torre. / Candidatas: ...Cxe5 si es tácticamente correcto, ...Tac8 o ...Af6 según la posición. / Error típico: empujar peones del ala de rey y abandonar la presión central que justifica la apertura. / Referencias: LON-S05/S06; LON-F02; E06/E21/E36.";"...16.Cxe4 Axe4 17.Txe4 Cf6 18.Te1 Cd5 19.Ag3 Td8 20.Ce5 / FEN: r2r2k1/1p2bpp1/2n1p2p/1p1nN3/2pP4/P1P3BP/1P3PP1/R3RBK1 b - - 6 20 / Mueve: Negras / Qué cambió: el centro se ha simplificado; el caballo blanco ocupa e5 y las torres negras ya tienen una columna d útil. / Evaluación: medio juego igualado con tareas claras: negro presiona d4; blanco usa e5. / Desarrollo: ya no queda desarrollo de apertura; cada movimiento debe mejorar una pieza concreta. / Reyes: seguros; las torres pueden operar activamente. / Centro y espacio: d4 es objetivo fijo y e5 puesto avanzado. / Plan negro: cambiar o desafiar el caballo e5, doblar presión en d4 y activar la torre por d. / Plan blanco: sostener Ce5, evitar pasividad sobre d4 y buscar f4 o b3 según la posición. / Peor pieza: caballo c6 si no encuentra d4/e7; debe coordinarse con la torre. / Candidatas: ...Cxe5 si es tácticamente correcto, ...Tac8 o ...Af6 según la posición. / Error típico: empujar peones del ala de rey y abandonar la presión central que justifica la apertura. / Referencias: LON-S05/S06; LON-F02; E06/E21/E36.";Reproducir la posición, elegir dos candidatas y comparar con la continuación del manual.;LON-P10
LON-P11;ficha;La ruptura e4 exige una respuesta concreta;Ampliación A;...13.Te1 b5 14.Af1 Cd7 15.e4 dxe4;r4rk1/1p1nbpp1/2n1p2p/1p3b2/2pPpB2/P1P2N1P/1P1N1PP1/R3RBK1 w - - 0 16;Blancas;"...16.Cxe4 Axe4 17.Txe4 Cf6 18.Te1 Cd5 19.Ag3 Td8 20.Ce5 / FEN: r2r2k1/1p2bpp1/2n1p2p/1p1nN3/2pP4/P1P3BP/1P3PP1/R3RBK1 b - - 6 20 / Mueve: Negras / Qué cambió: el centro se ha simplificado; el caballo blanco ocupa e5 y las torres negras ya tienen una columna d útil. / Evaluación: medio juego igualado con tareas claras: negro presiona d4; blanco usa e5. / Desarrollo: ya no queda desarrollo de apertura; cada movimiento debe mejorar una pieza concreta. / Reyes: seguros; las torres pueden operar activamente. / Centro y espacio: d4 es objetivo fijo y e5 puesto avanzado. / Plan negro: cambiar o desafiar el caballo e5, doblar presión en d4 y activar la torre por d. / Plan blanco: sostener Ce5, evitar pasividad sobre d4 y buscar f4 o b3 según la posición. / Peor pieza: caballo c6 si no encuentra d4/e7; debe coordinarse con la torre. / Candidatas: ...Cxe5 si es tácticamente correcto, ...Tac8 o ...Af6 según la posición. / Error típico: empujar peones del ala de rey y abandonar la presión central que justifica la apertura. / Referencias: LON-S05/S06; LON-F02; E06/E21/E36.";800-1400 Elo;"...16.Cxe4 Axe4 17.Txe4 Cf6 18.Te1 Cd5 19.Ag3 Td8 20.Ce5 / FEN: r2r2k1/1p2bpp1/2n1p2p/1p1nN3/2pP4/P1P3BP/1P3PP1/R3RBK1 b - - 6 20 / Mueve: Negras / Qué cambió: el centro se ha simplificado; el caballo blanco ocupa e5 y las torres negras ya tienen una columna d útil. / Evaluación: medio juego igualado con tareas claras: negro presiona d4; blanco usa e5. / Desarrollo: ya no queda desarrollo de apertura; cada movimiento debe mejorar una pieza concreta. / Reyes: seguros; las torres pueden operar activamente. / Centro y espacio: d4 es objetivo fijo y e5 puesto avanzado. / Plan negro: cambiar o desafiar el caballo e5, doblar presión en d4 y activar la torre por d. / Plan blanco: sostener Ce5, evitar pasividad sobre d4 y buscar f4 o b3 según la posición. / Peor pieza: caballo c6 si no encuentra d4/e7; debe coordinarse con la torre. / Candidatas: ...Cxe5 si es tácticamente correcto, ...Tac8 o ...Af6 según la posición. / Error típico: empujar peones del ala de rey y abandonar la presión central que justifica la apertura. / Referencias: LON-S05/S06; LON-F02; E06/E21/E36.";"...16.Cxe4 Axe4 17.Txe4 Cf6 18.Te1 Cd5 19.Ag3 Td8 20.Ce5 / FEN: r2r2k1/1p2bpp1/2n1p2p/1p1nN3/2pP4/P1P3BP/1P3PP1/R3RBK1 b - - 6 20 / Mueve: Negras / Qué cambió: el centro se ha simplificado; el caballo blanco ocupa e5 y las torres negras ya tienen una columna d útil. / Evaluación: medio juego igualado con tareas claras: negro presiona d4; blanco usa e5. / Desarrollo: ya no queda desarrollo de apertura; cada movimiento debe mejorar una pieza concreta. / Reyes: seguros; las torres pueden operar activamente. / Centro y espacio: d4 es objetivo fijo y e5 puesto avanzado. / Plan negro: cambiar o desafiar el caballo e5, doblar presión en d4 y activar la torre por d. / Plan blanco: sostener Ce5, evitar pasividad sobre d4 y buscar f4 o b3 según la posición. / Peor pieza: caballo c6 si no encuentra d4/e7; debe coordinarse con la torre. / Candidatas: ...Cxe5 si es tácticamente correcto, ...Tac8 o ...Af6 según la posición. / Error típico: empujar peones del ala de rey y abandonar la presión central que justifica la apertura. / Referencias: LON-S05/S06; LON-F02; E06/E21/E36.";Reproducir la posición, elegir dos candidatas y comparar con la continuación del manual.;LON-P11
LON-P12;ficha;Piezas negras activas tras la simplificación;Ampliación A;...16.Cxe4 Axe4 17.Txe4 Cf6 18.Te1 Cd5 19.Ag3 Td8 20.Ce5;r4rk1/1p1nbpp1/2n1p2p/1p3b2/2pPpB2/P1P2N1P/1P1N1PP1/R3RBK1 w - - 0 16;Blancas;"...16.Cxe4 Axe4 17.Txe4 Cf6 18.Te1 Cd5 19.Ag3 Td8 20.Ce5 / FEN: r2r2k1/1p2bpp1/2n1p2p/1p1nN3/2pP4/P1P3BP/1P3PP1/R3RBK1 b - - 6 20 / Mueve: Negras / Qué cambió: el centro se ha simplificado; el caballo blanco ocupa e5 y las torres negras ya tienen una columna d útil. / Evaluación: medio juego igualado con tareas claras: negro presiona d4; blanco usa e5. / Desarrollo: ya no queda desarrollo de apertura; cada movimiento debe mejorar una pieza concreta. / Reyes: seguros; las torres pueden operar activamente. / Centro y espacio: d4 es objetivo fijo y e5 puesto avanzado. / Plan negro: cambiar o desafiar el caballo e5, doblar presión en d4 y activar la torre por d. / Plan blanco: sostener Ce5, evitar pasividad sobre d4 y buscar f4 o b3 según la posición. / Peor pieza: caballo c6 si no encuentra d4/e7; debe coordinarse con la torre. / Candidatas: ...Cxe5 si es tácticamente correcto, ...Tac8 o ...Af6 según la posición. / Error típico: empujar peones del ala de rey y abandonar la presión central que justifica la apertura. / Referencias: LON-S05/S06; LON-F02; E06/E21/E36.";800-1400 Elo;"...16.Cxe4 Axe4 17.Txe4 Cf6 18.Te1 Cd5 19.Ag3 Td8 20.Ce5 / FEN: r2r2k1/1p2bpp1/2n1p2p/1p1nN3/2pP4/P1P3BP/1P3PP1/R3RBK1 b - - 6 20 / Mueve: Negras / Qué cambió: el centro se ha simplificado; el caballo blanco ocupa e5 y las torres negras ya tienen una columna d útil. / Evaluación: medio juego igualado con tareas claras: negro presiona d4; blanco usa e5. / Desarrollo: ya no queda desarrollo de apertura; cada movimiento debe mejorar una pieza concreta. / Reyes: seguros; las torres pueden operar activamente. / Centro y espacio: d4 es objetivo fijo y e5 puesto avanzado. / Plan negro: cambiar o desafiar el caballo e5, doblar presión en d4 y activar la torre por d. / Plan blanco: sostener Ce5, evitar pasividad sobre d4 y buscar f4 o b3 según la posición. / Peor pieza: caballo c6 si no encuentra d4/e7; debe coordinarse con la torre. / Candidatas: ...Cxe5 si es tácticamente correcto, ...Tac8 o ...Af6 según la posición. / Error típico: empujar peones del ala de rey y abandonar la presión central que justifica la apertura. / Referencias: LON-S05/S06; LON-F02; E06/E21/E36.";"...16.Cxe4 Axe4 17.Txe4 Cf6 18.Te1 Cd5 19.Ag3 Td8 20.Ce5 / FEN: r2r2k1/1p2bpp1/2n1p2p/1p1nN3/2pP4/P1P3BP/1P3PP1/R3RBK1 b - - 6 20 / Mueve: Negras / Qué cambió: el centro se ha simplificado; el caballo blanco ocupa e5 y las torres negras ya tienen una columna d útil. / Evaluación: medio juego igualado con tareas claras: negro presiona d4; blanco usa e5. / Desarrollo: ya no queda desarrollo de apertura; cada movimiento debe mejorar una pieza concreta. / Reyes: seguros; las torres pueden operar activamente. / Centro y espacio: d4 es objetivo fijo y e5 puesto avanzado. / Plan negro: cambiar o desafiar el caballo e5, doblar presión en d4 y activar la torre por d. / Plan blanco: sostener Ce5, evitar pasividad sobre d4 y buscar f4 o b3 según la posición. / Peor pieza: caballo c6 si no encuentra d4/e7; debe coordinarse con la torre. / Candidatas: ...Cxe5 si es tácticamente correcto, ...Tac8 o ...Af6 según la posición. / Error típico: empujar peones del ala de rey y abandonar la presión central que justifica la apertura. / Referencias: LON-S05/S06; LON-F02; E06/E21/E36.";Reproducir la posición, elegir dos candidatas y comparar con la continuación del manual.;LON-P12
LON-S01;estructura;"Secuencia: 1.d4 d5 / FEN: rnbqkbnr/ppp1pppp/8/3p4/3P4/8/PPP1PPPP/RNBQKBNR w KQkq d6 0 2 / Mueve: Blancas / Qué cambió: ...d5 ocupa e4/c4 y evita que el blanco construya d4-e4 sin oposición. / Evaluación: equilibrio inicial; el negro ha reclamado centro pero todavía no ha desarrollado ninguna pieza. / Desarrollo: el siguiente objetivo negro es ...Cf6, sin bloquear el alfil c8. / Reyes: ambos siguen en el centro; no hay motivo para abrir líneas con peones laterales. / Centro y espacio: d4 y d5 se miran de frente. La ruptura temática futura es ...c5. / Plan negro: ...Cf6, ...c5 y ...Cc6; solo después decidir si ...Db6 crea una amenaza real. / Plan blanco: Cf3/Af4, e3 y c3 para sostener d4. / Peor pieza: caballo g8; ...Cf6 desarrolla y controla e4/e5. / Candidatas: para el blanco, Cf3 o Af4. Si aparece Af4 pronto, el negro no debe perseguirlo: debe atacar el centro. / Error típico: jugar ...f6 para expulsar un futuro Ce5 y debilitar el rey antes de desarrollar. / Referencias: LON-S01; LON-M01; E01/E11/E16/E31.";Parte VIII;1.d4 d5;rnbqkbnr/ppp1pppp/8/3p4/3P4/8/PPP1PPPP/RNBQKBNR w KQkq d6 0 2;Blancas;"1.d4 d5 2.Cf3 Cf6 3.Af4 c5 4.e3 Cc6 5.c3 Db6 / FEN: r1b1kb1r/pp2pppp/1qn2n2/2pp4/3P1B2/2P1PN2/PP3PPP/RN1QKB1R w KQkq - 1 6 / Mueve: Blancas / Qué cambió: c3 sostiene d4 pero cierra la casilla natural del caballo b1; ...Db6 aprovecha ese tiempo atacando b2 y aumentando la presión sobre d4. / Evaluación: equilibrio con una pregunta concreta para el blanco: defender b2 sin perder la coordinación. / Desarrollo: la dama negra sale porque crea dos objetivos; después debe volver la prioridad a ...e6/...Ae7. / Reyes: el negro todavía no debe abrir el centro si la dama se convierte en objetivo. / Centro y espacio: d4 tiene más defensores, pero b2 obliga a repartir recursos. / Plan negro: aceptar Db3, decidir entre cambio de damas o ...c4 y completar desarrollo. / Plan blanco: Db3 es la respuesta más directa; Cbd2 también desarrolla pero debe resolver b2. / Peor pieza: alfil f8; ...e6 lo libera y acerca el enroque. / Candidatas: Db3, Cbd2; el negro compara ...c4 con un cambio de damas. / Error típico: capturar b2 sin calcular Tb1 y el coste de rescatar la dama. / Referencias: LON-S02; LON-M01; E02/E17/E32.";800-1400 Elo;"1.d4 d5 2.Cf3 Cf6 3.Af4 c5 4.e3 Cc6 5.c3 Db6 / FEN: r1b1kb1r/pp2pppp/1qn2n2/2pp4/3P1B2/2P1PN2/PP3PPP/RN1QKB1R w KQkq - 1 6 / Mueve: Blancas / Qué cambió: c3 sostiene d4 pero cierra la casilla natural del caballo b1; ...Db6 aprovecha ese tiempo atacando b2 y aumentando la presión sobre d4. / Evaluación: equilibrio con una pregunta concreta para el blanco: defender b2 sin perder la coordinación. / Desarrollo: la dama negra sale porque crea dos objetivos; después debe volver la prioridad a ...e6/...Ae7. / Reyes: el negro todavía no debe abrir el centro si la dama se convierte en objetivo. / Centro y espacio: d4 tiene más defensores, pero b2 obliga a repartir recursos. / Plan negro: aceptar Db3, decidir entre cambio de damas o ...c4 y completar desarrollo. / Plan blanco: Db3 es la respuesta más directa; Cbd2 también desarrolla pero debe resolver b2. / Peor pieza: alfil f8; ...e6 lo libera y acerca el enroque. / Candidatas: Db3, Cbd2; el negro compara ...c4 con un cambio de damas. / Error típico: capturar b2 sin calcular Tb1 y el coste de rescatar la dama. / Referencias: LON-S02; LON-M01; E02/E17/E32.";"1.d4 d5 2.Cf3 Cf6 3.Af4 c5 4.e3 Cc6 5.c3 Db6 / FEN: r1b1kb1r/pp2pppp/1qn2n2/2pp4/3P1B2/2P1PN2/PP3PPP/RN1QKB1R w KQkq - 1 6 / Mueve: Blancas / Qué cambió: c3 sostiene d4 pero cierra la casilla natural del caballo b1; ...Db6 aprovecha ese tiempo atacando b2 y aumentando la presión sobre d4. / Evaluación: equilibrio con una pregunta concreta para el blanco: defender b2 sin perder la coordinación. / Desarrollo: la dama negra sale porque crea dos objetivos; después debe volver la prioridad a ...e6/...Ae7. / Reyes: el negro todavía no debe abrir el centro si la dama se convierte en objetivo. / Centro y espacio: d4 tiene más defensores, pero b2 obliga a repartir recursos. / Plan negro: aceptar Db3, decidir entre cambio de damas o ...c4 y completar desarrollo. / Plan blanco: Db3 es la respuesta más directa; Cbd2 también desarrolla pero debe resolver b2. / Peor pieza: alfil f8; ...e6 lo libera y acerca el enroque. / Candidatas: Db3, Cbd2; el negro compara ...c4 con un cambio de damas. / Error típico: capturar b2 sin calcular Tb1 y el coste de rescatar la dama. / Referencias: LON-S02; LON-M01; E02/E17/E32.";Reproducir la posición, elegir dos candidatas y comparar con la continuación del manual.;LON-S01
LON-S02;estructura;"Secuencia: 1.d4 d5 2.Cf3 Cf6 3.Af4 c5 4.e3 Cc6 5.c3 Db6 / FEN: r1b1kb1r/pp2pppp/1qn2n2/2pp4/3P1B2/2P1PN2/PP3PPP/RN1QKB1R w KQkq - 1 6 / Mueve: Blancas / Qué cambió: c3 sostiene d4 pero cierra la casilla natural del caballo b1; ...Db6 aprovecha ese tiempo atacando b2 y aumentando la presión sobre d4. / Evaluación: equilibrio con una pregunta concreta para el blanco: defender b2 sin perder la coordinación. / Desarrollo: la dama negra sale porque crea dos objetivos; después debe volver la prioridad a ...e6/...Ae7. / Reyes: el negro todavía no debe abrir el centro si la dama se convierte en objetivo. / Centro y espacio: d4 tiene más defensores, pero b2 obliga a repartir recursos. / Plan negro: aceptar Db3, decidir entre cambio de damas o ...c4 y completar desarrollo. / Plan blanco: Db3 es la respuesta más directa; Cbd2 también desarrolla pero debe resolver b2. / Peor pieza: alfil f8; ...e6 lo libera y acerca el enroque. / Candidatas: Db3, Cbd2; el negro compara ...c4 con un cambio de damas. / Error típico: capturar b2 sin calcular Tb1 y el coste de rescatar la dama. / Referencias: LON-S02; LON-M01; E02/E17/E32.";Parte VIII;1.d4 d5 2.Cf3 Cf6 3.Af4 c5 4.e3 Cc6 5.c3 Db6;r1b1kb1r/pp2pppp/1qn2n2/2pp4/3P1B2/2P1PN2/PP3PPP/RN1QKB1R w KQkq - 1 6;Blancas;"1.d4 d5 2.Cf3 Cf6 3.Af4 c5 4.e3 Cc6 5.c3 Db6 / FEN: r1b1kb1r/pp2pppp/1qn2n2/2pp4/3P1B2/2P1PN2/PP3PPP/RN1QKB1R w KQkq - 1 6 / Mueve: Blancas / Qué cambió: c3 sostiene d4 pero cierra la casilla natural del caballo b1; ...Db6 aprovecha ese tiempo atacando b2 y aumentando la presión sobre d4. / Evaluación: equilibrio con una pregunta concreta para el blanco: defender b2 sin perder la coordinación. / Desarrollo: la dama negra sale porque crea dos objetivos; después debe volver la prioridad a ...e6/...Ae7. / Reyes: el negro todavía no debe abrir el centro si la dama se convierte en objetivo. / Centro y espacio: d4 tiene más defensores, pero b2 obliga a repartir recursos. / Plan negro: aceptar Db3, decidir entre cambio de damas o ...c4 y completar desarrollo. / Plan blanco: Db3 es la respuesta más directa; Cbd2 también desarrolla pero debe resolver b2. / Peor pieza: alfil f8; ...e6 lo libera y acerca el enroque. / Candidatas: Db3, Cbd2; el negro compara ...c4 con un cambio de damas. / Error típico: capturar b2 sin calcular Tb1 y el coste de rescatar la dama. / Referencias: LON-S02; LON-M01; E02/E17/E32.";800-1400 Elo;"...9.a3 e6 10.Ae2 Ae7 / FEN: r3k2r/1p2bppp/1pn1pn2/3p1b2/2pP1B2/P1P1PN2/1P1NBPPP/R3K2R w KQkq - 2 11 / Mueve: Blancas / Qué cambió: el negro ha completado sus piezas menores y está a un movimiento del enroque; el blanco también puede asegurar el rey. / Evaluación: estructura equilibrada; la próxima fase depende de e4 y de la expansión ...b5. / Desarrollo: las torres aún no están conectadas; enrocar tiene prioridad sobre ...b5. / Reyes: O-O de ambos bandos permite abrir el centro con menor riesgo. / Centro y espacio: c4 da espacio negro; d4 sigue siendo el ancla blanca. / Plan negro: O-O, ...h6 si evita una molestia concreta y ...b5 con apoyo. / Plan blanco: O-O, h3 y Te1 para e4. / Peor pieza: torre a8, que ganará función tras el cambio de damas. / Candidatas: O-O/h3 para blancas; ...O-O para negras. / Error típico: buscar ...b5-b4 antes de terminar el desarrollo. / Referencias: LON-S03/S04; LON-M01; E04/E19/E34.";"...9.a3 e6 10.Ae2 Ae7 / FEN: r3k2r/1p2bppp/1pn1pn2/3p1b2/2pP1B2/P1P1PN2/1P1NBPPP/R3K2R w KQkq - 2 11 / Mueve: Blancas / Qué cambió: el negro ha completado sus piezas menores y está a un movimiento del enroque; el blanco también puede asegurar el rey. / Evaluación: estructura equilibrada; la próxima fase depende de e4 y de la expansión ...b5. / Desarrollo: las torres aún no están conectadas; enrocar tiene prioridad sobre ...b5. / Reyes: O-O de ambos bandos permite abrir el centro con menor riesgo. / Centro y espacio: c4 da espacio negro; d4 sigue siendo el ancla blanca. / Plan negro: O-O, ...h6 si evita una molestia concreta y ...b5 con apoyo. / Plan blanco: O-O, h3 y Te1 para e4. / Peor pieza: torre a8, que ganará función tras el cambio de damas. / Candidatas: O-O/h3 para blancas; ...O-O para negras. / Error típico: buscar ...b5-b4 antes de terminar el desarrollo. / Referencias: LON-S03/S04; LON-M01; E04/E19/E34.";Reproducir la posición, elegir dos candidatas y comparar con la continuación del manual.;LON-S02
LON-S03;estructura;"Secuencia: 1.d4 d5 2.Cf3 Cf6 3.Af4 c5 4.e3 Cc6 5.c3 Db6 6.Db3 c4 7.Dxb6 axb6 / FEN: r1b1kb1r/1p2pppp/1pn2n2/3p4/2pP1B2/2P1PN2/PP3PPP/RN2KB1R w KQkq - 0 8 / Mueve: Blancas / Qué cambió: el cambio de damas elimina la presión táctica sobre b2 y abre la columna a para la torre negra. / Evaluación: el negro acepta una estructura poco estética a cambio de actividad y espacio. / Desarrollo: ...Af5 y ...e6 deben salir antes de usar la columna a. / Reyes: sin damas, los reyes pueden centralizarse antes, pero las torres aún necesitan conexión. / Centro y espacio: c4 fija c3; e4 será el principal intento blanco de liberación. / Plan negro: ...Af5, ...e6, ...b5 y torre a5/a8 según la posición. / Plan blanco: Cbd2, Ae2 y e4; también b3 para atacar c4. / Peor pieza: alfil c8, aún encerrado. / Candidatas: Cbd2 y a3; negras responden desarrollando, no defendiendo peones por reflejo. / Error típico: considerar ...axb6 una debilidad pura y jugar pasivo en vez de usar la columna a. / Referencias: LON-S03; LON-F01; E03/E18/E33.";Parte VIII;1.d4 d5 2.Cf3 Cf6 3.Af4 c5 4.e3 Cc6 5.c3 Db6 6.Db3 c4 7.Dxb6 axb6;r1b1kb1r/1p2pppp/1pn2n2/3p4/2pP1B2/2P1PN2/PP3PPP/RN2KB1R w KQkq - 0 8;Blancas;Reconocer la decisión crítica y conectar apertura, estructura y plan.;800-1400 Elo;"...13.Te1 b5 14.Af1 Cd7 15.e4 dxe4 / FEN: r4rk1/1p1nbpp1/2n1p2p/1p3b2/2pPpB2/P1P2N1P/1P1N1PP1/R3RBK1 w - - 0 16 / Mueve: Blancas / Qué cambió: e4 ha roto la estructura y ...dxe4 ha cedido d5 para eliminar el peón e4. El caballo blanco puede recuperar en e4. / Evaluación: transición al medio juego; la actividad de piezas vale más que conservar cada peón. / Desarrollo: todas las piezas menores están activas; las torres ya tienen columnas centrales. / Reyes: ambos seguros; la táctica gira sobre e4 y d4. / Centro y espacio: desaparece el peón e blanco y d4 queda más expuesto. / Plan negro: después de Cxe4, cambiar la pieza activa con ...Axe4 y reubicar el caballo hacia d5. / Plan blanco: Cxe4 y usar la torre e para recuperar actividad. / Peor pieza: caballo c6 puede saltar a e7/d5 según los cambios. / Candidatas: Cxe4; negras ...Axe4. / Error típico: defender e4 con una pieza pasiva y permitir que el negro mantenga el peón extra de espacio. / Referencias: LON-S05; LON-M01; E05/E20/E35.";"...13.Te1 b5 14.Af1 Cd7 15.e4 dxe4 / FEN: r4rk1/1p1nbpp1/2n1p2p/1p3b2/2pPpB2/P1P2N1P/1P1N1PP1/R3RBK1 w - - 0 16 / Mueve: Blancas / Qué cambió: e4 ha roto la estructura y ...dxe4 ha cedido d5 para eliminar el peón e4. El caballo blanco puede recuperar en e4. / Evaluación: transición al medio juego; la actividad de piezas vale más que conservar cada peón. / Desarrollo: todas las piezas menores están activas; las torres ya tienen columnas centrales. / Reyes: ambos seguros; la táctica gira sobre e4 y d4. / Centro y espacio: desaparece el peón e blanco y d4 queda más expuesto. / Plan negro: después de Cxe4, cambiar la pieza activa con ...Axe4 y reubicar el caballo hacia d5. / Plan blanco: Cxe4 y usar la torre e para recuperar actividad. / Peor pieza: caballo c6 puede saltar a e7/d5 según los cambios. / Candidatas: Cxe4; negras ...Axe4. / Error típico: defender e4 con una pieza pasiva y permitir que el negro mantenga el peón extra de espacio. / Referencias: LON-S05; LON-M01; E05/E20/E35.";Reproducir la posición, elegir dos candidatas y comparar con la continuación del manual.;LON-S03
LON-S04;estructura;"Secuencia: ...11.O-O O-O 12.h3 h6 / FEN: r4rk1/1p2bpp1/1pn1pn1p/3p1b2/2pP1B2/P1P1PN1P/1P1NBPP1/R4RK1 w - - 0 13 / Mueve: Blancas / Qué cambió: los dos reyes están seguros y ya puede evaluarse la ruptura e4 sin el factor rey en el centro. / Evaluación: equilibrio; el negro tiene espacio en c4 y el blanco puede cuestionarlo desde el centro. / Desarrollo: las torres necesitan columnas; Te1 y ...b5/...Td8 preparan la transición. / Reyes: la seguridad permite calcular cambios centrales con más libertad. / Centro y espacio: e4 es ahora la ruptura blanca; ...dxe4 es una respuesta concreta. / Plan negro: ...b5, ...Cd7 y capturar en e4 si la secuencia deja piezas activas. / Plan blanco: Te1, Af1 y e4. / Peor pieza: caballo f6 puede reubicarse a d7 para controlar e5/c5. / Candidatas: Te1; negras ...b5 o ...Cd7 según el orden. / Error típico: mantener d5 por orgullo cuando ...dxe4 libera piezas y elimina el centro blanco. / Referencias: LON-S04; LON-M01; E04/E14/E29.";Parte VIII;...11.O-O O-O 12.h3 h6;r4rk1/1p2bpp1/1pn1pn1p/3p1b2/2pP1B2/P1P1PN1P/1P1NBPP1/R4RK1 w - - 0 13;Blancas;"...16.Cxe4 Axe4 17.Txe4 Cf6 18.Te1 Cd5 19.Ag3 Td8 20.Ce5 / FEN: r2r2k1/1p2bpp1/2n1p2p/1p1nN3/2pP4/P1P3BP/1P3PP1/R3RBK1 b - - 6 20 / Mueve: Negras / Qué cambió: el centro se ha simplificado; el caballo blanco ocupa e5 y las torres negras ya tienen una columna d útil. / Evaluación: medio juego igualado con tareas claras: negro presiona d4; blanco usa e5. / Desarrollo: ya no queda desarrollo de apertura; cada movimiento debe mejorar una pieza concreta. / Reyes: seguros; las torres pueden operar activamente. / Centro y espacio: d4 es objetivo fijo y e5 puesto avanzado. / Plan negro: cambiar o desafiar el caballo e5, doblar presión en d4 y activar la torre por d. / Plan blanco: sostener Ce5, evitar pasividad sobre d4 y buscar f4 o b3 según la posición. / Peor pieza: caballo c6 si no encuentra d4/e7; debe coordinarse con la torre. / Candidatas: ...Cxe5 si es tácticamente correcto, ...Tac8 o ...Af6 según la posición. / Error típico: empujar peones del ala de rey y abandonar la presión central que justifica la apertura. / Referencias: LON-S05/S06; LON-F02; E06/E21/E36.";800-1400 Elo;"...16.Cxe4 Axe4 17.Txe4 Cf6 18.Te1 Cd5 19.Ag3 Td8 20.Ce5 / FEN: r2r2k1/1p2bpp1/2n1p2p/1p1nN3/2pP4/P1P3BP/1P3PP1/R3RBK1 b - - 6 20 / Mueve: Negras / Qué cambió: el centro se ha simplificado; el caballo blanco ocupa e5 y las torres negras ya tienen una columna d útil. / Evaluación: medio juego igualado con tareas claras: negro presiona d4; blanco usa e5. / Desarrollo: ya no queda desarrollo de apertura; cada movimiento debe mejorar una pieza concreta. / Reyes: seguros; las torres pueden operar activamente. / Centro y espacio: d4 es objetivo fijo y e5 puesto avanzado. / Plan negro: cambiar o desafiar el caballo e5, doblar presión en d4 y activar la torre por d. / Plan blanco: sostener Ce5, evitar pasividad sobre d4 y buscar f4 o b3 según la posición. / Peor pieza: caballo c6 si no encuentra d4/e7; debe coordinarse con la torre. / Candidatas: ...Cxe5 si es tácticamente correcto, ...Tac8 o ...Af6 según la posición. / Error típico: empujar peones del ala de rey y abandonar la presión central que justifica la apertura. / Referencias: LON-S05/S06; LON-F02; E06/E21/E36.";"...16.Cxe4 Axe4 17.Txe4 Cf6 18.Te1 Cd5 19.Ag3 Td8 20.Ce5 / FEN: r2r2k1/1p2bpp1/2n1p2p/1p1nN3/2pP4/P1P3BP/1P3PP1/R3RBK1 b - - 6 20 / Mueve: Negras / Qué cambió: el centro se ha simplificado; el caballo blanco ocupa e5 y las torres negras ya tienen una columna d útil. / Evaluación: medio juego igualado con tareas claras: negro presiona d4; blanco usa e5. / Desarrollo: ya no queda desarrollo de apertura; cada movimiento debe mejorar una pieza concreta. / Reyes: seguros; las torres pueden operar activamente. / Centro y espacio: d4 es objetivo fijo y e5 puesto avanzado. / Plan negro: cambiar o desafiar el caballo e5, doblar presión en d4 y activar la torre por d. / Plan blanco: sostener Ce5, evitar pasividad sobre d4 y buscar f4 o b3 según la posición. / Peor pieza: caballo c6 si no encuentra d4/e7; debe coordinarse con la torre. / Candidatas: ...Cxe5 si es tácticamente correcto, ...Tac8 o ...Af6 según la posición. / Error típico: empujar peones del ala de rey y abandonar la presión central que justifica la apertura. / Referencias: LON-S05/S06; LON-F02; E06/E21/E36.";Reproducir la posición, elegir dos candidatas y comparar con la continuación del manual.;LON-S04
LON-S05;estructura;"Secuencia: ...13.Te1 b5 14.Af1 Cd7 15.e4 dxe4 / FEN: r4rk1/1p1nbpp1/2n1p2p/1p3b2/2pPpB2/P1P2N1P/1P1N1PP1/R3RBK1 w - - 0 16 / Mueve: Blancas / Qué cambió: e4 ha roto la estructura y ...dxe4 ha cedido d5 para eliminar el peón e4. El caballo blanco puede recuperar en e4. / Evaluación: transición al medio juego; la actividad de piezas vale más que conservar cada peón. / Desarrollo: todas las piezas menores están activas; las torres ya tienen columnas centrales. / Reyes: ambos seguros; la táctica gira sobre e4 y d4. / Centro y espacio: desaparece el peón e blanco y d4 queda más expuesto. / Plan negro: después de Cxe4, cambiar la pieza activa con ...Axe4 y reubicar el caballo hacia d5. / Plan blanco: Cxe4 y usar la torre e para recuperar actividad. / Peor pieza: caballo c6 puede saltar a e7/d5 según los cambios. / Candidatas: Cxe4; negras ...Axe4. / Error típico: defender e4 con una pieza pasiva y permitir que el negro mantenga el peón extra de espacio. / Referencias: LON-S05; LON-M01; E05/E20/E35.";Parte VIII;...13.Te1 b5 14.Af1 Cd7 15.e4 dxe4;r4rk1/1p1nbpp1/2n1p2p/1p3b2/2pPpB2/P1P2N1P/1P1N1PP1/R3RBK1 w - - 0 16;Blancas;"...16.Cxe4 Axe4 17.Txe4 Cf6 18.Te1 Cd5 19.Ag3 Td8 20.Ce5 / FEN: r2r2k1/1p2bpp1/2n1p2p/1p1nN3/2pP4/P1P3BP/1P3PP1/R3RBK1 b - - 6 20 / Mueve: Negras / Qué cambió: el centro se ha simplificado; el caballo blanco ocupa e5 y las torres negras ya tienen una columna d útil. / Evaluación: medio juego igualado con tareas claras: negro presiona d4; blanco usa e5. / Desarrollo: ya no queda desarrollo de apertura; cada movimiento debe mejorar una pieza concreta. / Reyes: seguros; las torres pueden operar activamente. / Centro y espacio: d4 es objetivo fijo y e5 puesto avanzado. / Plan negro: cambiar o desafiar el caballo e5, doblar presión en d4 y activar la torre por d. / Plan blanco: sostener Ce5, evitar pasividad sobre d4 y buscar f4 o b3 según la posición. / Peor pieza: caballo c6 si no encuentra d4/e7; debe coordinarse con la torre. / Candidatas: ...Cxe5 si es tácticamente correcto, ...Tac8 o ...Af6 según la posición. / Error típico: empujar peones del ala de rey y abandonar la presión central que justifica la apertura. / Referencias: LON-S05/S06; LON-F02; E06/E21/E36.";800-1400 Elo;"...16.Cxe4 Axe4 17.Txe4 Cf6 18.Te1 Cd5 19.Ag3 Td8 20.Ce5 / FEN: r2r2k1/1p2bpp1/2n1p2p/1p1nN3/2pP4/P1P3BP/1P3PP1/R3RBK1 b - - 6 20 / Mueve: Negras / Qué cambió: el centro se ha simplificado; el caballo blanco ocupa e5 y las torres negras ya tienen una columna d útil. / Evaluación: medio juego igualado con tareas claras: negro presiona d4; blanco usa e5. / Desarrollo: ya no queda desarrollo de apertura; cada movimiento debe mejorar una pieza concreta. / Reyes: seguros; las torres pueden operar activamente. / Centro y espacio: d4 es objetivo fijo y e5 puesto avanzado. / Plan negro: cambiar o desafiar el caballo e5, doblar presión en d4 y activar la torre por d. / Plan blanco: sostener Ce5, evitar pasividad sobre d4 y buscar f4 o b3 según la posición. / Peor pieza: caballo c6 si no encuentra d4/e7; debe coordinarse con la torre. / Candidatas: ...Cxe5 si es tácticamente correcto, ...Tac8 o ...Af6 según la posición. / Error típico: empujar peones del ala de rey y abandonar la presión central que justifica la apertura. / Referencias: LON-S05/S06; LON-F02; E06/E21/E36.";"...16.Cxe4 Axe4 17.Txe4 Cf6 18.Te1 Cd5 19.Ag3 Td8 20.Ce5 / FEN: r2r2k1/1p2bpp1/2n1p2p/1p1nN3/2pP4/P1P3BP/1P3PP1/R3RBK1 b - - 6 20 / Mueve: Negras / Qué cambió: el centro se ha simplificado; el caballo blanco ocupa e5 y las torres negras ya tienen una columna d útil. / Evaluación: medio juego igualado con tareas claras: negro presiona d4; blanco usa e5. / Desarrollo: ya no queda desarrollo de apertura; cada movimiento debe mejorar una pieza concreta. / Reyes: seguros; las torres pueden operar activamente. / Centro y espacio: d4 es objetivo fijo y e5 puesto avanzado. / Plan negro: cambiar o desafiar el caballo e5, doblar presión en d4 y activar la torre por d. / Plan blanco: sostener Ce5, evitar pasividad sobre d4 y buscar f4 o b3 según la posición. / Peor pieza: caballo c6 si no encuentra d4/e7; debe coordinarse con la torre. / Candidatas: ...Cxe5 si es tácticamente correcto, ...Tac8 o ...Af6 según la posición. / Error típico: empujar peones del ala de rey y abandonar la presión central que justifica la apertura. / Referencias: LON-S05/S06; LON-F02; E06/E21/E36.";Reproducir la posición, elegir dos candidatas y comparar con la continuación del manual.;LON-S05
LON-S06;estructura;Final temprano sin damas;Parte VIII;1.d4 d5 2.Cf3 Cf6 3.Af4 c5 4.e3 Cc6 5.c3 Db6 6.Db3 c4 7.Dxb6 axb6;r1b1kb1r/1p2pppp/1pn2n2/3p4/2pP1B2/2P1PN2/PP3PPP/RN2KB1R w KQkq - 0 8;Blancas;Activar rey y torre antes de empujar peones en la estructura sin damas.;800-1400 Elo;"...13.Te1 b5 14.Af1 Cd7 15.e4 dxe4 / FEN: r4rk1/1p1nbpp1/2n1p2p/1p3b2/2pPpB2/P1P2N1P/1P1N1PP1/R3RBK1 w - - 0 16 / Mueve: Blancas / Qué cambió: e4 ha roto la estructura y ...dxe4 ha cedido d5 para eliminar el peón e4. El caballo blanco puede recuperar en e4. / Evaluación: transición al medio juego; la actividad de piezas vale más que conservar cada peón. / Desarrollo: todas las piezas menores están activas; las torres ya tienen columnas centrales. / Reyes: ambos seguros; la táctica gira sobre e4 y d4. / Centro y espacio: desaparece el peón e blanco y d4 queda más expuesto. / Plan negro: después de Cxe4, cambiar la pieza activa con ...Axe4 y reubicar el caballo hacia d5. / Plan blanco: Cxe4 y usar la torre e para recuperar actividad. / Peor pieza: caballo c6 puede saltar a e7/d5 según los cambios. / Candidatas: Cxe4; negras ...Axe4. / Error típico: defender e4 con una pieza pasiva y permitir que el negro mantenga el peón extra de espacio. / Referencias: LON-S05; LON-M01; E05/E20/E35.";"...13.Te1 b5 14.Af1 Cd7 15.e4 dxe4 / FEN: r4rk1/1p1nbpp1/2n1p2p/1p3b2/2pPpB2/P1P2N1P/1P1N1PP1/R3RBK1 w - - 0 16 / Mueve: Blancas / Qué cambió: e4 ha roto la estructura y ...dxe4 ha cedido d5 para eliminar el peón e4. El caballo blanco puede recuperar en e4. / Evaluación: transición al medio juego; la actividad de piezas vale más que conservar cada peón. / Desarrollo: todas las piezas menores están activas; las torres ya tienen columnas centrales. / Reyes: ambos seguros; la táctica gira sobre e4 y d4. / Centro y espacio: desaparece el peón e blanco y d4 queda más expuesto. / Plan negro: después de Cxe4, cambiar la pieza activa con ...Axe4 y reubicar el caballo hacia d5. / Plan blanco: Cxe4 y usar la torre e para recuperar actividad. / Peor pieza: caballo c6 puede saltar a e7/d5 según los cambios. / Candidatas: Cxe4; negras ...Axe4. / Error típico: defender e4 con una pieza pasiva y permitir que el negro mantenga el peón extra de espacio. / Referencias: LON-S05; LON-M01; E05/E20/E35.";Reproducir la posición, elegir dos candidatas y comparar con la continuación del manual.;LON-S06
LON-E01;ejercicio;básico / FEN: rnbqkbnr/ppp1pppp/8/3p4/3P4/5N2/PPP1PPPP/RNBQKB1R b KQkq - 1 2 / Juegan las negras. ¿Qué jugada concreta resuelve mejor la tarea de activar el caballo de rey antes de que el blanco complete su esquema? / Pista: Compara Cf6 con c5 y explica qué cambia tras Af4. / Tiempo recomendado: 2–4 min.;Parte X/XI/XIII;;rnbqkbnr/ppp1pppp/8/3p4/3P4/5N2/PPP1PPPP/RNBQKB1R b KQkq - 1 2;Negras;Reconocer la decisión crítica y conectar apertura, estructura y plan.;800-1400 Elo;Consulta la lectura bilateral y las candidatas específicas de esta posición en el manual.;Consulta la respuesta activa del rival y la ruptura asociada en el manual.;Reproducir la posición, elegir dos candidatas y comparar con la continuación del manual.;LON-E01
LON-E40;ejercicio;progresivo / FEN: 3q1rk1/pp3pp1/2rBpn1p/3p1b2/3P4/2P2B1P/PP1N1PP1/R2Q1RK1 b - - 0 14 / Juegan las negras. Revisión global: justifica Dxd6 frente a Db6 y conecta la decisión con recapturar en d6 conservando coordinación. / Pista: Incluye la mejor respuesta práctica (Ae2) y el plan de la jugada siguiente. / Tiempo recomendado: 4–7 min.;Parte X/XI/XIII;1.d4 d5;3q1rk1/pp3pp1/2rBpn1p/3p1b2/3P4/2P2B1P/PP1N1PP1/R2Q1RK1 b - - 0 14;Negras;"1.d4 d5 / FEN: rnbqkbnr/ppp1pppp/8/3p4/3P4/8/PPP1PPPP/RNBQKBNR w KQkq d6 0 2 / Mueve: Blancas / Qué cambió: ...d5 ocupa e4/c4 y evita que el blanco construya d4-e4 sin oposición. / Evaluación: equilibrio inicial; el negro ha reclamado centro pero todavía no ha desarrollado ninguna pieza. / Desarrollo: el siguiente objetivo negro es ...Cf6, sin bloquear el alfil c8. / Reyes: ambos siguen en el centro; no hay motivo para abrir líneas con peones laterales. / Centro y espacio: d4 y d5 se miran de frente. La ruptura temática futura es ...c5. / Plan negro: ...Cf6, ...c5 y ...Cc6; solo después decidir si ...Db6 crea una amenaza real. / Plan blanco: Cf3/Af4, e3 y c3 para sostener d4. / Peor pieza: caballo g8; ...Cf6 desarrolla y controla e4/e5. / Candidatas: para el blanco, Cf3 o Af4. Si aparece Af4 pronto, el negro no debe perseguirlo: debe atacar el centro. / Error típico: jugar ...f6 para expulsar un futuro Ce5 y debilitar el rey antes de desarrollar. / Referencias: LON-S01; LON-M01; E01/E11/E16/E31.";800-1400 Elo;"1.d4 d5 2.Cf3 Cf6 3.Af4 c5 4.e3 Cc6 / FEN: r1bqkb1r/pp2pppp/2n2n2/2pp4/3P1B2/4PN2/PPP2PPP/RN1QKB1R w KQkq - 1 5 / Mueve: Blancas / Qué cambió: ...Cc6 añade un segundo atacante potencial sobre d4 y controla e5, la casilla que el Londres quiere para Cf3. / Evaluación: posición sana; el negro ha desarrollado con ganancia estratégica de presión. / Desarrollo: la dama y el alfil c8 todavía esperan; no conviene mover la dama si c3 no ha aparecido. / Reyes: ...e6 y ...Ae7 permitirán enrocar sin debilidades. / Centro y espacio: la tensión c5-d4 sigue viva; conservarla obliga al blanco a decidir. / Plan negro: si c3, ...Db6; si el blanco cambia en c5, recuperar sin perder desarrollo. / Plan blanco: c3 y Cbd2 para reforzar el centro. / Peor pieza: alfil c8, que puede ir f5/g4 según el orden. / Candidatas: c3/Cbd2 para blancas; ...Db6 solo después de c3. / Error típico: cambiar en d4 por rutina y regalar al blanco desarrollo cómodo con exd4. / Referencias: LON-S01; LON-M01; E02/E17/E32.";"1.d4 d5 2.Cf3 Cf6 3.Af4 c5 4.e3 Cc6 / FEN: r1bqkb1r/pp2pppp/2n2n2/2pp4/3P1B2/4PN2/PPP2PPP/RN1QKB1R w KQkq - 1 5 / Mueve: Blancas / Qué cambió: ...Cc6 añade un segundo atacante potencial sobre d4 y controla e5, la casilla que el Londres quiere para Cf3. / Evaluación: posición sana; el negro ha desarrollado con ganancia estratégica de presión. / Desarrollo: la dama y el alfil c8 todavía esperan; no conviene mover la dama si c3 no ha aparecido. / Reyes: ...e6 y ...Ae7 permitirán enrocar sin debilidades. / Centro y espacio: la tensión c5-d4 sigue viva; conservarla obliga al blanco a decidir. / Plan negro: si c3, ...Db6; si el blanco cambia en c5, recuperar sin perder desarrollo. / Plan blanco: c3 y Cbd2 para reforzar el centro. / Peor pieza: alfil c8, que puede ir f5/g4 según el orden. / Candidatas: c3/Cbd2 para blancas; ...Db6 solo después de c3. / Error típico: cambiar en d4 por rutina y regalar al blanco desarrollo cómodo con exd4. / Referencias: LON-S01; LON-M01; E02/E17/E32.";Reproducir la posición, elegir dos candidatas y comparar con la continuación del manual.;LON-E40
LON-E06;ejercicio;básico / FEN: r4rk1/1p2bpp1/2n1p2p/1p1n4/2pP1B2/P1P2N1P/1P3PP1/R3RBK1 w - - 3 19 / Juegan las blancas. ¿Qué jugada concreta resuelve mejor la tarea de recolocar el alfil cuando el caballo negro ocupa d5? / Pista: Compara Ag3 con Ae2 y explica qué cambia tras Td8. / Tiempo recomendado: 2–4 min.;Parte X/XI/XIII;;r4rk1/1p2bpp1/2n1p2p/1p1n4/2pP1B2/P1P2N1P/1P3PP1/R3RBK1 w - - 3 19;Blancas;Reconocer la decisión crítica y conectar apertura, estructura y plan.;800-1400 Elo;Consulta la lectura bilateral y las candidatas específicas de esta posición en el manual.;Consulta la respuesta activa del rival y la ruptura asociada en el manual.;Reproducir la posición, elegir dos candidatas y comparar con la continuación del manual.;LON-E06
LON-E11;ejercicio;básico / FEN: rnbqkb1r/ppp1pppp/5n2/3p4/3P4/5N2/PPP1PPPP/RNBQKB1R w KQkq - 2 3 / Juegan las blancas. ¿Qué jugada concreta resuelve mejor la tarea de definir el sistema blanco después de ...Cf6? / Pista: Compara Af4 con e3 y explica qué cambia tras c5. / Tiempo recomendado: 2–4 min.;Parte X/XI/XIII;;rnbqkb1r/ppp1pppp/5n2/3p4/3P4/5N2/PPP1PPPP/RNBQKB1R w KQkq - 2 3;Blancas;Reconocer la decisión crítica y conectar apertura, estructura y plan.;800-1400 Elo;Consulta la lectura bilateral y las candidatas específicas de esta posición en el manual.;Consulta la respuesta activa del rival y la ruptura asociada en el manual.;Reproducir la posición, elegir dos candidatas y comparar con la continuación del manual.;LON-E11
LON-F01;final;"Secuencia: 1.d4 d5 2.Cf3 Cf6 3.Af4 c5 4.e3 Cc6 5.c3 Db6 6.Db3 c4 / FEN: r1b1kb1r/pp2pppp/1qn2n2/3p4/2pP1B2/1QP1PN2/PP3PPP/RN2KB1R w KQkq - 0 7 / Mueve: Blancas / Qué cambió: ...c4 gana espacio y fija c3, pero ya no presiona d4 con el peón c. La lucha se desplaza a e4 y al ala de dama. / Evaluación: estructura cerrada y jugable; el negro debe justificar el espacio desarrollando con rapidez. / Desarrollo: ...Af5 y ...e6 son más urgentes que nuevos movimientos de dama. / Reyes: con el centro cerrado hay algo más de tiempo, pero el enroque sigue siendo prioridad. / Centro y espacio: el blanco puede preparar e4; el negro dispone de ...b5 para sostener c4. / Plan negro: ...Af5, ...e6, ...b5 y responder a e4 con ...dxe4 cuando convenga. / Plan blanco: Dxb6 para simplificar o Cbd2/e4 para romper la cadena. / Peor pieza: alfil c8; en f5 ayuda a vigilar e4. / Candidatas: Dxb6, Cbd2; para negras, desarrollo antes de expandir. / Error típico: ...b5 demasiado pronto y permitir a4/b3 atacar la cadena sin piezas. / Referencias: LON-S02; LON-F01; E12/E27.";Parte X/XI/XIII;1.d4 d5 2.Cf3 Cf6 3.Af4 c5 4.e3 Cc6 5.c3 Db6 6.Db3 c4;r1b1kb1r/pp2pppp/1qn2n2/3p4/2pP1B2/1QP1PN2/PP3PPP/RN2KB1R w KQkq - 0 7;Blancas;Reconocer la decisión crítica y conectar apertura, estructura y plan.;800-1400 Elo;"...11.O-O O-O 12.h3 h6 / FEN: r4rk1/1p2bpp1/1pn1pn1p/3p1b2/2pP1B2/P1P1PN1P/1P1NBPP1/R4RK1 w - - 0 13 / Mueve: Blancas / Qué cambió: los dos reyes están seguros y ya puede evaluarse la ruptura e4 sin el factor rey en el centro. / Evaluación: equilibrio; el negro tiene espacio en c4 y el blanco puede cuestionarlo desde el centro. / Desarrollo: las torres necesitan columnas; Te1 y ...b5/...Td8 preparan la transición. / Reyes: la seguridad permite calcular cambios centrales con más libertad. / Centro y espacio: e4 es ahora la ruptura blanca; ...dxe4 es una respuesta concreta. / Plan negro: ...b5, ...Cd7 y capturar en e4 si la secuencia deja piezas activas. / Plan blanco: Te1, Af1 y e4. / Peor pieza: caballo f6 puede reubicarse a d7 para controlar e5/c5. / Candidatas: Te1; negras ...b5 o ...Cd7 según el orden. / Error típico: mantener d5 por orgullo cuando ...dxe4 libera piezas y elimina el centro blanco. / Referencias: LON-S04; LON-M01; E04/E14/E29.";"...11.O-O O-O 12.h3 h6 / FEN: r4rk1/1p2bpp1/1pn1pn1p/3p1b2/2pP1B2/P1P1PN1P/1P1NBPP1/R4RK1 w - - 0 13 / Mueve: Blancas / Qué cambió: los dos reyes están seguros y ya puede evaluarse la ruptura e4 sin el factor rey en el centro. / Evaluación: equilibrio; el negro tiene espacio en c4 y el blanco puede cuestionarlo desde el centro. / Desarrollo: las torres necesitan columnas; Te1 y ...b5/...Td8 preparan la transición. / Reyes: la seguridad permite calcular cambios centrales con más libertad. / Centro y espacio: e4 es ahora la ruptura blanca; ...dxe4 es una respuesta concreta. / Plan negro: ...b5, ...Cd7 y capturar en e4 si la secuencia deja piezas activas. / Plan blanco: Te1, Af1 y e4. / Peor pieza: caballo f6 puede reubicarse a d7 para controlar e5/c5. / Candidatas: Te1; negras ...b5 o ...Cd7 según el orden. / Error típico: mantener d5 por orgullo cuando ...dxe4 libera piezas y elimina el centro blanco. / Referencias: LON-S04; LON-M01; E04/E14/E29.";Reproducir la posición, elegir dos candidatas y comparar con la continuación del manual.;LON-F01
LON-F02;final;"Secuencia: ...16.Cxe4 Axe4 17.Txe4 Cf6 18.Te1 Cd5 19.Ag3 Td8 20.Ce5 / FEN: r2r2k1/1p2bpp1/2n1p2p/1p1nN3/2pP4/P1P3BP/1P3PP1/R3RBK1 b - - 6 20 / Mueve: Negras / Qué cambió: el centro se ha simplificado; el caballo blanco ocupa e5 y las torres negras ya tienen una columna d útil. / Evaluación: medio juego igualado con tareas claras: negro presiona d4; blanco usa e5. / Desarrollo: ya no queda desarrollo de apertura; cada movimiento debe mejorar una pieza concreta. / Reyes: seguros; las torres pueden operar activamente. / Centro y espacio: d4 es objetivo fijo y e5 puesto avanzado. / Plan negro: cambiar o desafiar el caballo e5, doblar presión en d4 y activar la torre por d. / Plan blanco: sostener Ce5, evitar pasividad sobre d4 y buscar f4 o b3 según la posición. / Peor pieza: caballo c6 si no encuentra d4/e7; debe coordinarse con la torre. / Candidatas: ...Cxe5 si es tácticamente correcto, ...Tac8 o ...Af6 según la posición. / Error típico: empujar peones del ala de rey y abandonar la presión central que justifica la apertura. / Referencias: LON-S05/S06; LON-F02; E06/E21/E36.";Parte X/XI/XIII;...16.Cxe4 Axe4 17.Txe4 Cf6 18.Te1 Cd5 19.Ag3 Td8 20.Ce5;r2r2k1/1p2bpp1/2n1p2p/1p1nN3/2pP4/P1P3BP/1P3PP1/R3RBK1 b - - 6 20;Negras;"...16.Cxe4 Axe4 17.Txe4 Cf6 18.Te1 Cd5 19.Ag3 Td8 20.Ce5 / FEN: r2r2k1/1p2bpp1/2n1p2p/1p1nN3/2pP4/P1P3BP/1P3PP1/R3RBK1 b - - 6 20 / Mueve: Negras / Qué cambió: el centro se ha simplificado; el caballo blanco ocupa e5 y las torres negras ya tienen una columna d útil. / Evaluación: medio juego igualado con tareas claras: negro presiona d4; blanco usa e5. / Desarrollo: ya no queda desarrollo de apertura; cada movimiento debe mejorar una pieza concreta. / Reyes: seguros; las torres pueden operar activamente. / Centro y espacio: d4 es objetivo fijo y e5 puesto avanzado. / Plan negro: cambiar o desafiar el caballo e5, doblar presión en d4 y activar la torre por d. / Plan blanco: sostener Ce5, evitar pasividad sobre d4 y buscar f4 o b3 según la posición. / Peor pieza: caballo c6 si no encuentra d4/e7; debe coordinarse con la torre. / Candidatas: ...Cxe5 si es tácticamente correcto, ...Tac8 o ...Af6 según la posición. / Error típico: empujar peones del ala de rey y abandonar la presión central que justifica la apertura. / Referencias: LON-S05/S06; LON-F02; E06/E21/E36.";800-1400 Elo;"...16.Cxe4 Axe4 17.Txe4 Cf6 18.Te1 Cd5 19.Ag3 Td8 20.Ce5 / FEN: r2r2k1/1p2bpp1/2n1p2p/1p1nN3/2pP4/P1P3BP/1P3PP1/R3RBK1 b - - 6 20 / Mueve: Negras / Qué cambió: el centro se ha simplificado; el caballo blanco ocupa e5 y las torres negras ya tienen una columna d útil. / Evaluación: medio juego igualado con tareas claras: negro presiona d4; blanco usa e5. / Desarrollo: ya no queda desarrollo de apertura; cada movimiento debe mejorar una pieza concreta. / Reyes: seguros; las torres pueden operar activamente. / Centro y espacio: d4 es objetivo fijo y e5 puesto avanzado. / Plan negro: cambiar o desafiar el caballo e5, doblar presión en d4 y activar la torre por d. / Plan blanco: sostener Ce5, evitar pasividad sobre d4 y buscar f4 o b3 según la posición. / Peor pieza: caballo c6 si no encuentra d4/e7; debe coordinarse con la torre. / Candidatas: ...Cxe5 si es tácticamente correcto, ...Tac8 o ...Af6 según la posición. / Error típico: empujar peones del ala de rey y abandonar la presión central que justifica la apertura. / Referencias: LON-S05/S06; LON-F02; E06/E21/E36.";"...16.Cxe4 Axe4 17.Txe4 Cf6 18.Te1 Cd5 19.Ag3 Td8 20.Ce5 / FEN: r2r2k1/1p2bpp1/2n1p2p/1p1nN3/2pP4/P1P3BP/1P3PP1/R3RBK1 b - - 6 20 / Mueve: Negras / Qué cambió: el centro se ha simplificado; el caballo blanco ocupa e5 y las torres negras ya tienen una columna d útil. / Evaluación: medio juego igualado con tareas claras: negro presiona d4; blanco usa e5. / Desarrollo: ya no queda desarrollo de apertura; cada movimiento debe mejorar una pieza concreta. / Reyes: seguros; las torres pueden operar activamente. / Centro y espacio: d4 es objetivo fijo y e5 puesto avanzado. / Plan negro: cambiar o desafiar el caballo e5, doblar presión en d4 y activar la torre por d. / Plan blanco: sostener Ce5, evitar pasividad sobre d4 y buscar f4 o b3 según la posición. / Peor pieza: caballo c6 si no encuentra d4/e7; debe coordinarse con la torre. / Candidatas: ...Cxe5 si es tácticamente correcto, ...Tac8 o ...Af6 según la posición. / Error típico: empujar peones del ala de rey y abandonar la presión central que justifica la apertura. / Referencias: LON-S05/S06; LON-F02; E06/E21/E36.";Reproducir la posición, elegir dos candidatas y comparar con la continuación del manual.;LON-F02
LON-E02;ejercicio;básico / FEN: r1b1kb1r/pp2pppp/1qn2n2/2pp4/3P1B2/2P1PN2/PP3PPP/RN1QKB1R w KQkq - 1 6 / Juegan las blancas. ¿Qué jugada concreta resuelve mejor la tarea de resolver la presión doble de ...Db6 sobre b2 y d4? / Pista: Compara Db3 con Cd2 y explica qué cambia tras c4. / Tiempo recomendado: 2–4 min.;Parte X/XI/XIII;;r1b1kb1r/pp2pppp/1qn2n2/2pp4/3P1B2/2P1PN2/PP3PPP/RN1QKB1R w KQkq - 1 6;Blancas;Reconocer la decisión crítica y conectar apertura, estructura y plan.;800-1400 Elo;Consulta la lectura bilateral y las candidatas específicas de esta posición en el manual.;Consulta la respuesta activa del rival y la ruptura asociada en el manual.;Reproducir la posición, elegir dos candidatas y comparar con la continuación del manual.;LON-E02
LON-E03;ejercicio;básico / FEN: r3kb1r/1p2pppp/1pn2n2/3p1b2/2pP1B2/2P1PN2/PP1N1PPP/R3KB1R w KQkq - 2 9 / Juegan las blancas. ¿Qué jugada concreta resuelve mejor la tarea de elegir una jugada útil tras el cambio de damas y antes de e4? / Pista: Compara a3 con Ae2 y explica qué cambia tras e6. / Tiempo recomendado: 2–4 min.;Parte X/XI/XIII;;r3kb1r/1p2pppp/1pn2n2/3p1b2/2pP1B2/2P1PN2/PP1N1PPP/R3KB1R w KQkq - 2 9;Blancas;Reconocer la decisión crítica y conectar apertura, estructura y plan.;800-1400 Elo;Consulta la lectura bilateral y las candidatas específicas de esta posición en el manual.;Consulta la respuesta activa del rival y la ruptura asociada en el manual.;Reproducir la posición, elegir dos candidatas y comparar con la continuación del manual.;LON-E03
LON-E04;ejercicio;básico / FEN: r4rk1/1p2bppp/1pn1pn2/3p1b2/2pP1B2/P1P1PN1P/1P1NBPP1/R4RK1 b - - 0 12 / Juegan las negras. ¿Qué jugada concreta resuelve mejor la tarea de decidir si la prioridad es una jugada de aire o una pieza? / Pista: Compara h6 con Cd7 y explica qué cambia tras Te1. / Tiempo recomendado: 2–4 min.;Parte X/XI/XIII;;r4rk1/1p2bppp/1pn1pn2/3p1b2/2pP1B2/P1P1PN1P/1P1NBPP1/R4RK1 b - - 0 12;Negras;Reconocer la decisión crítica y conectar apertura, estructura y plan.;800-1400 Elo;Consulta la lectura bilateral y las candidatas específicas de esta posición en el manual.;Consulta la respuesta activa del rival y la ruptura asociada en el manual.;Reproducir la posición, elegir dos candidatas y comparar con la continuación del manual.;LON-E04
LON-E05;ejercicio;básico / FEN: r4rk1/1p1nbpp1/2n1p2p/1p3b2/2pPpB2/P1P2N1P/1P1N1PP1/R3RBK1 w - - 0 16 / Juegan las blancas. ¿Qué jugada concreta resuelve mejor la tarea de recuperar el peón central sin quedar pasivo? / Pista: Compara Cxe4 con Ae2 y explica qué cambia tras Axe4. / Tiempo recomendado: 2–4 min.;Parte X/XI/XIII;;r4rk1/1p1nbpp1/2n1p2p/1p3b2/2pPpB2/P1P2N1P/1P1N1PP1/R3RBK1 w - - 0 16;Blancas;Reconocer la decisión crítica y conectar apertura, estructura y plan.;800-1400 Elo;Consulta la lectura bilateral y las candidatas específicas de esta posición en el manual.;Consulta la respuesta activa del rival y la ruptura asociada en el manual.;Reproducir la posición, elegir dos candidatas y comparar con la continuación del manual.;LON-E05
LON-E07;ejercicio;básico / FEN: rnbqkb1r/pp2pppp/5n2/2pp4/3P1B2/2P1P3/PP3PPP/RN1QKBNR b KQkq - 0 4 / Juegan las negras. ¿Qué jugada concreta resuelve mejor la tarea de añadir presión real sobre d4 y controlar e5? / Pista: Compara Cc6 con Db6 y explica qué cambia tras Cd2. / Tiempo recomendado: 2–4 min.;Parte X/XI/XIII;;rnbqkb1r/pp2pppp/5n2/2pp4/3P1B2/2P1P3/PP3PPP/RN1QKBNR b KQkq - 0 4;Negras;Reconocer la decisión crítica y conectar apertura, estructura y plan.;800-1400 Elo;Consulta la lectura bilateral y las candidatas específicas de esta posición en el manual.;Consulta la respuesta activa del rival y la ruptura asociada en el manual.;Reproducir la posición, elegir dos candidatas y comparar con la continuación del manual.;LON-E07
LON-E08;ejercicio;básico / FEN: r2qkb1r/pp3ppp/2n1pn2/2pp1b2/3P1B2/2P1PN2/PP1NBPPP/R2QK2R b KQkq - 1 7 / Juegan las negras. ¿Qué jugada concreta resuelve mejor la tarea de completar el desarrollo del flanco de rey sin perder el centro? / Pista: Compara Ae7 con Db6 y explica qué cambia tras O-O. / Tiempo recomendado: 2–4 min.;Parte X/XI/XIII;;r2qkb1r/pp3ppp/2n1pn2/2pp1b2/3P1B2/2P1PN2/PP1NBPPP/R2QK2R b KQkq - 1 7;Negras;Reconocer la decisión crítica y conectar apertura, estructura y plan.;800-1400 Elo;Consulta la lectura bilateral y las candidatas específicas de esta posición en el manual.;Consulta la respuesta activa del rival y la ruptura asociada en el manual.;Reproducir la posición, elegir dos candidatas y comparar con la continuación del manual.;LON-E08
LON-E09;ejercicio;básico / FEN: 2rq1rk1/pp2bpp1/2n1pn1p/2ppNb2/3P1B2/2P1P2P/PP1NBPP1/R2Q1RK1 w - - 2 11 / Juegan las blancas. ¿Qué jugada concreta resuelve mejor la tarea de decidir qué hacer con el caballo avanzado en e5 y la columna c? / Pista: Compara Cxc6 con Db3 y explica qué cambia tras Txc6. / Tiempo recomendado: 2–4 min.;Parte X/XI/XIII;;2rq1rk1/pp2bpp1/2n1pn1p/2ppNb2/3P1B2/2P1P2P/PP1NBPP1/R2Q1RK1 w - - 2 11;Blancas;Reconocer la decisión crítica y conectar apertura, estructura y plan.;800-1400 Elo;Consulta la lectura bilateral y las candidatas específicas de esta posición en el manual.;Consulta la respuesta activa del rival y la ruptura asociada en el manual.;Reproducir la posición, elegir dos candidatas y comparar con la continuación del manual.;LON-E09
LON-E10;ejercicio;básico / FEN: 3q1rk1/pp3pp1/2rBpn1p/3p1b2/3P4/2P2B1P/PP1N1PP1/R2Q1RK1 b - - 0 14 / Juegan las negras. ¿Qué jugada concreta resuelve mejor la tarea de recapturar en d6 conservando coordinación? / Pista: Compara Dxd6 con Db6 y explica qué cambia tras Ae2. / Tiempo recomendado: 2–4 min.;Parte X/XI/XIII;;3q1rk1/pp3pp1/2rBpn1p/3p1b2/3P4/2P2B1P/PP1N1PP1/R2Q1RK1 b - - 0 14;Negras;Reconocer la decisión crítica y conectar apertura, estructura y plan.;800-1400 Elo;Consulta la lectura bilateral y las candidatas específicas de esta posición en el manual.;Consulta la respuesta activa del rival y la ruptura asociada en el manual.;Reproducir la posición, elegir dos candidatas y comparar con la continuación del manual.;LON-E10
LON-E12;ejercicio;básico / FEN: r1b1kb1r/pp2pppp/1qn2n2/2pp4/3P1B2/1QP1PN2/PP3PPP/RN2KB1R b KQkq - 2 6 / Juegan las negras. ¿Qué jugada concreta resuelve mejor la tarea de ganar espacio con el peón c después de Db3? / Pista: Compara c4 con e6 y explica qué cambia tras Dxb6. / Tiempo recomendado: 2–4 min.;Parte X/XI/XIII;;r1b1kb1r/pp2pppp/1qn2n2/2pp4/3P1B2/1QP1PN2/PP3PPP/RN2KB1R b KQkq - 2 6;Negras;Reconocer la decisión crítica y conectar apertura, estructura y plan.;800-1400 Elo;Consulta la lectura bilateral y las candidatas específicas de esta posición en el manual.;Consulta la respuesta activa del rival y la ruptura asociada en el manual.;Reproducir la posición, elegir dos candidatas y comparar con la continuación del manual.;LON-E12
LON-E13;ejercicio;básico / FEN: r3kb1r/1p2pppp/2n2n2/1p1p1b2/2pP1B2/P1P1PN2/1P1N1PPP/R3KB1R w KQkq - 1 10 / Juegan las blancas. ¿Qué jugada concreta resuelve mejor la tarea de completar desarrollo antes de abrir e4? / Pista: Compara Ae2 con Ad3 y explica qué cambia tras e6. / Tiempo recomendado: 2–4 min.;Parte X/XI/XIII;;r3kb1r/1p2pppp/2n2n2/1p1p1b2/2pP1B2/P1P1PN2/1P1N1PPP/R3KB1R w KQkq - 1 10;Blancas;Reconocer la decisión crítica y conectar apertura, estructura y plan.;800-1400 Elo;Consulta la lectura bilateral y las candidatas específicas de esta posición en el manual.;Consulta la respuesta activa del rival y la ruptura asociada en el manual.;Reproducir la posición, elegir dos candidatas y comparar con la continuación del manual.;LON-E13
LON-E14;ejercicio;básico / FEN: r4rk1/1p2bppp/2n1pn2/1p1p1b2/2pP1B2/P1P1PN1P/1P1NBPP1/R4RK1 w - - 1 13 / Juegan las blancas. ¿Qué jugada concreta resuelve mejor la tarea de usar la casilla e5 antes de que sea controlada por más piezas? / Pista: Compara Ce5 con b3 y explica qué cambia tras Cxe5. / Tiempo recomendado: 2–4 min.;Parte X/XI/XIII;;r4rk1/1p2bppp/2n1pn2/1p1p1b2/2pP1B2/P1P1PN1P/1P1NBPP1/R4RK1 w - - 1 13;Blancas;Reconocer la decisión crítica y conectar apertura, estructura y plan.;800-1400 Elo;Consulta la lectura bilateral y las candidatas específicas de esta posición en el manual.;Consulta la respuesta activa del rival y la ruptura asociada en el manual.;Reproducir la posición, elegir dos candidatas y comparar con la continuación del manual.;LON-E14
LON-E15;ejercicio;básico / FEN: r4rk1/1p2bppp/1n2p3/1p1p1b2/2pP4/P1P1P2P/1P1NBPPB/R3R1K1 b - - 4 16 / Juegan las negras. ¿Qué jugada concreta resuelve mejor la tarea de reubicar el caballo para atacar una casilla del ala de dama? / Pista: Compara Ca4 con h6 y explica qué cambia tras completar desarrollo. / Tiempo recomendado: 2–4 min.;Parte X/XI/XIII;;r4rk1/1p2bppp/1n2p3/1p1p1b2/2pP4/P1P1P2P/1P1NBPPB/R3R1K1 b - - 4 16;Negras;Reconocer la decisión crítica y conectar apertura, estructura y plan.;800-1400 Elo;Consulta la lectura bilateral y las candidatas específicas de esta posición en el manual.;Consulta la respuesta activa del rival y la ruptura asociada en el manual.;Reproducir la posición, elegir dos candidatas y comparar con la continuación del manual.;LON-E15
LON-E16;ejercicio;progresivo / FEN: rnbqkbnr/ppp1pppp/8/3p4/3P4/5N2/PPP1PPPP/RNBQKB1R b KQkq - 1 2 / Juegan las negras. Compara la jugada de referencia con una jugada de espera. Reconoce la prioridad de la posición: activar el caballo de rey antes de que el blanco complete su esquema. ¿Por qué Cf6 es más precisa que c5? / Pista: No respondas por patrón: incluye la réplica Af4 en tu explicación. / Tiempo recomendado: 4–7 min.;Parte X/XI/XIII;;rnbqkbnr/ppp1pppp/8/3p4/3P4/5N2/PPP1PPPP/RNBQKB1R b KQkq - 1 2;Negras;Reconocer la decisión crítica y conectar apertura, estructura y plan.;800-1400 Elo;Consulta la lectura bilateral y las candidatas específicas de esta posición en el manual.;Consulta la respuesta activa del rival y la ruptura asociada en el manual.;Reproducir la posición, elegir dos candidatas y comparar con la continuación del manual.;LON-E16
LON-E17;ejercicio;progresivo / FEN: r1b1kb1r/pp2pppp/1qn2n2/2pp4/3P1B2/2P1PN2/PP3PPP/RN1QKB1R w KQkq - 1 6 / Juegan las blancas. Compara la jugada de referencia con una jugada de espera. Reconoce la prioridad de la posición: resolver la presión doble de ...Db6 sobre b2 y d4. ¿Por qué Db3 es más precisa que Cd2? / Pista: No respondas por patrón: incluye la réplica c4 en tu explicación. / Tiempo recomendado: 4–7 min.;Parte X/XI/XIII;;r1b1kb1r/pp2pppp/1qn2n2/2pp4/3P1B2/2P1PN2/PP3PPP/RN1QKB1R w KQkq - 1 6;Blancas;Reconocer la decisión crítica y conectar apertura, estructura y plan.;800-1400 Elo;Consulta la lectura bilateral y las candidatas específicas de esta posición en el manual.;Consulta la respuesta activa del rival y la ruptura asociada en el manual.;Reproducir la posición, elegir dos candidatas y comparar con la continuación del manual.;LON-E17
LON-E18;ejercicio;progresivo / FEN: r3kb1r/1p2pppp/1pn2n2/3p1b2/2pP1B2/2P1PN2/PP1N1PPP/R3KB1R w KQkq - 2 9 / Juegan las blancas. Compara la jugada de referencia con una jugada de espera. Reconoce la prioridad de la posición: elegir una jugada útil tras el cambio de damas y antes de e4. ¿Por qué a3 es más precisa que Ae2? / Pista: No respondas por patrón: incluye la réplica e6 en tu explicación. / Tiempo recomendado: 4–7 min.;Parte X/XI/XIII;;r3kb1r/1p2pppp/1pn2n2/3p1b2/2pP1B2/2P1PN2/PP1N1PPP/R3KB1R w KQkq - 2 9;Blancas;Reconocer la decisión crítica y conectar apertura, estructura y plan.;800-1400 Elo;Consulta la lectura bilateral y las candidatas específicas de esta posición en el manual.;Consulta la respuesta activa del rival y la ruptura asociada en el manual.;Reproducir la posición, elegir dos candidatas y comparar con la continuación del manual.;LON-E18
LON-E19;ejercicio;progresivo / FEN: r4rk1/1p2bppp/1pn1pn2/3p1b2/2pP1B2/P1P1PN1P/1P1NBPP1/R4RK1 b - - 0 12 / Juegan las negras. Compara la jugada de referencia con una jugada de espera. Reconoce la prioridad de la posición: decidir si la prioridad es una jugada de aire o una pieza. ¿Por qué h6 es más precisa que Cd7? / Pista: No respondas por patrón: incluye la réplica Te1 en tu explicación. / Tiempo recomendado: 4–7 min.;Parte X/XI/XIII;;r4rk1/1p2bppp/1pn1pn2/3p1b2/2pP1B2/P1P1PN1P/1P1NBPP1/R4RK1 b - - 0 12;Negras;Reconocer la decisión crítica y conectar apertura, estructura y plan.;800-1400 Elo;Consulta la lectura bilateral y las candidatas específicas de esta posición en el manual.;Consulta la respuesta activa del rival y la ruptura asociada en el manual.;Reproducir la posición, elegir dos candidatas y comparar con la continuación del manual.;LON-E19
LON-E20;ejercicio;progresivo / FEN: r4rk1/1p1nbpp1/2n1p2p/1p3b2/2pPpB2/P1P2N1P/1P1N1PP1/R3RBK1 w - - 0 16 / Juegan las blancas. Compara la jugada de referencia con una jugada de espera. Reconoce la prioridad de la posición: recuperar el peón central sin quedar pasivo. ¿Por qué Cxe4 es más precisa que Ae2? / Pista: No respondas por patrón: incluye la réplica Axe4 en tu explicación. / Tiempo recomendado: 4–7 min.;Parte X/XI/XIII;;r4rk1/1p1nbpp1/2n1p2p/1p3b2/2pPpB2/P1P2N1P/1P1N1PP1/R3RBK1 w - - 0 16;Blancas;Reconocer la decisión crítica y conectar apertura, estructura y plan.;800-1400 Elo;Consulta la lectura bilateral y las candidatas específicas de esta posición en el manual.;Consulta la respuesta activa del rival y la ruptura asociada en el manual.;Reproducir la posición, elegir dos candidatas y comparar con la continuación del manual.;LON-E20
LON-E21;ejercicio;progresivo / FEN: r4rk1/1p2bpp1/2n1p2p/1p1n4/2pP1B2/P1P2N1P/1P3PP1/R3RBK1 w - - 3 19 / Juegan las blancas. Compara la jugada de referencia con una jugada de espera. Decide entre Ag3 y Ae2. ¿Cuál produce una mejora verificable relacionada con recolocar el alfil cuando el caballo negro ocupa d5? / Pista: Evalúa centro, desarrollo y la respuesta Td8. / Tiempo recomendado: 4–7 min.;Parte X/XI/XIII;;r4rk1/1p2bpp1/2n1p2p/1p1n4/2pP1B2/P1P2N1P/1P3PP1/R3RBK1 w - - 3 19;Blancas;Reconocer la decisión crítica y conectar apertura, estructura y plan.;800-1400 Elo;Consulta la lectura bilateral y las candidatas específicas de esta posición en el manual.;Consulta la respuesta activa del rival y la ruptura asociada en el manual.;Reproducir la posición, elegir dos candidatas y comparar con la continuación del manual.;LON-E21
LON-E22;ejercicio;progresivo / FEN: rnbqkb1r/pp2pppp/5n2/2pp4/3P1B2/2P1P3/PP3PPP/RN1QKBNR b KQkq - 0 4 / Juegan las negras. Compara la jugada de referencia con una jugada de espera. Decide entre Cc6 y Db6. ¿Cuál produce una mejora verificable relacionada con añadir presión real sobre d4 y controlar e5? / Pista: Evalúa centro, desarrollo y la respuesta Cd2. / Tiempo recomendado: 4–7 min.;Parte X/XI/XIII;;rnbqkb1r/pp2pppp/5n2/2pp4/3P1B2/2P1P3/PP3PPP/RN1QKBNR b KQkq - 0 4;Negras;Reconocer la decisión crítica y conectar apertura, estructura y plan.;800-1400 Elo;Consulta la lectura bilateral y las candidatas específicas de esta posición en el manual.;Consulta la respuesta activa del rival y la ruptura asociada en el manual.;Reproducir la posición, elegir dos candidatas y comparar con la continuación del manual.;LON-E22
LON-E23;ejercicio;progresivo / FEN: r2qkb1r/pp3ppp/2n1pn2/2pp1b2/3P1B2/2P1PN2/PP1NBPPP/R2QK2R b KQkq - 1 7 / Juegan las negras. Compara la jugada de referencia con una jugada de espera. Decide entre Ae7 y Db6. ¿Cuál produce una mejora verificable relacionada con completar el desarrollo del flanco de rey sin perder el centro? / Pista: Evalúa centro, desarrollo y la respuesta O-O. / Tiempo recomendado: 4–7 min.;Parte X/XI/XIII;;r2qkb1r/pp3ppp/2n1pn2/2pp1b2/3P1B2/2P1PN2/PP1NBPPP/R2QK2R b KQkq - 1 7;Negras;Reconocer la decisión crítica y conectar apertura, estructura y plan.;800-1400 Elo;Consulta la lectura bilateral y las candidatas específicas de esta posición en el manual.;Consulta la respuesta activa del rival y la ruptura asociada en el manual.;Reproducir la posición, elegir dos candidatas y comparar con la continuación del manual.;LON-E23
LON-E24;ejercicio;progresivo / FEN: 2rq1rk1/pp2bpp1/2n1pn1p/2ppNb2/3P1B2/2P1P2P/PP1NBPP1/R2Q1RK1 w - - 2 11 / Juegan las blancas. Compara la jugada de referencia con una jugada de espera. Decide entre Cxc6 y Db3. ¿Cuál produce una mejora verificable relacionada con decidir qué hacer con el caballo avanzado en e5 y la columna c? / Pista: Evalúa centro, desarrollo y la respuesta Txc6. / Tiempo recomendado: 4–7 min.;Parte X/XI/XIII;;2rq1rk1/pp2bpp1/2n1pn1p/2ppNb2/3P1B2/2P1P2P/PP1NBPP1/R2Q1RK1 w - - 2 11;Blancas;Reconocer la decisión crítica y conectar apertura, estructura y plan.;800-1400 Elo;Consulta la lectura bilateral y las candidatas específicas de esta posición en el manual.;Consulta la respuesta activa del rival y la ruptura asociada en el manual.;Reproducir la posición, elegir dos candidatas y comparar con la continuación del manual.;LON-E24
LON-E25;ejercicio;progresivo / FEN: 3q1rk1/pp3pp1/2rBpn1p/3p1b2/3P4/2P2B1P/PP1N1PP1/R2Q1RK1 b - - 0 14 / Juegan las negras. Compara la jugada de referencia con una jugada de espera. Decide entre Dxd6 y Db6. ¿Cuál produce una mejora verificable relacionada con recapturar en d6 conservando coordinación? / Pista: Evalúa centro, desarrollo y la respuesta Ae2. / Tiempo recomendado: 4–7 min.;Parte X/XI/XIII;;3q1rk1/pp3pp1/2rBpn1p/3p1b2/3P4/2P2B1P/PP1N1PP1/R2Q1RK1 b - - 0 14;Negras;Reconocer la decisión crítica y conectar apertura, estructura y plan.;800-1400 Elo;Consulta la lectura bilateral y las candidatas específicas de esta posición en el manual.;Consulta la respuesta activa del rival y la ruptura asociada en el manual.;Reproducir la posición, elegir dos candidatas y comparar con la continuación del manual.;LON-E25
LON-E26;ejercicio;progresivo / FEN: rnbqkb1r/ppp1pppp/5n2/3p4/3P4/5N2/PPP1PPPP/RNBQKB1R w KQkq - 2 3 / Juegan las blancas. Compara la jugada de referencia con una jugada de espera. Continúa la secuencia con Af4 y explica qué plan queda preparado después de c5. / Pista: Señala qué pieza mejora y qué alternativa concreta descartas. / Tiempo recomendado: 4–7 min.;Parte X/XI/XIII;;rnbqkb1r/ppp1pppp/5n2/3p4/3P4/5N2/PPP1PPPP/RNBQKB1R w KQkq - 2 3;Blancas;Reconocer la decisión crítica y conectar apertura, estructura y plan.;800-1400 Elo;Consulta la lectura bilateral y las candidatas específicas de esta posición en el manual.;Consulta la respuesta activa del rival y la ruptura asociada en el manual.;Reproducir la posición, elegir dos candidatas y comparar con la continuación del manual.;LON-E26
LON-E27;ejercicio;progresivo / FEN: r1b1kb1r/pp2pppp/1qn2n2/2pp4/3P1B2/1QP1PN2/PP3PPP/RN2KB1R b KQkq - 2 6 / Juegan las negras. Compara la jugada de referencia con una jugada de espera. Continúa la secuencia con c4 y explica qué plan queda preparado después de Dxb6. / Pista: Señala qué pieza mejora y qué alternativa concreta descartas. / Tiempo recomendado: 4–7 min.;Parte X/XI/XIII;;r1b1kb1r/pp2pppp/1qn2n2/2pp4/3P1B2/1QP1PN2/PP3PPP/RN2KB1R b KQkq - 2 6;Negras;Reconocer la decisión crítica y conectar apertura, estructura y plan.;800-1400 Elo;Consulta la lectura bilateral y las candidatas específicas de esta posición en el manual.;Consulta la respuesta activa del rival y la ruptura asociada en el manual.;Reproducir la posición, elegir dos candidatas y comparar con la continuación del manual.;LON-E27
LON-E28;ejercicio;progresivo / FEN: r3kb1r/1p2pppp/2n2n2/1p1p1b2/2pP1B2/P1P1PN2/1P1N1PPP/R3KB1R w KQkq - 1 10 / Juegan las blancas. Compara la jugada de referencia con una jugada de espera. Continúa la secuencia con Ae2 y explica qué plan queda preparado después de e6. / Pista: Señala qué pieza mejora y qué alternativa concreta descartas. / Tiempo recomendado: 4–7 min.;Parte X/XI/XIII;;r3kb1r/1p2pppp/2n2n2/1p1p1b2/2pP1B2/P1P1PN2/1P1N1PPP/R3KB1R w KQkq - 1 10;Blancas;Reconocer la decisión crítica y conectar apertura, estructura y plan.;800-1400 Elo;Consulta la lectura bilateral y las candidatas específicas de esta posición en el manual.;Consulta la respuesta activa del rival y la ruptura asociada en el manual.;Reproducir la posición, elegir dos candidatas y comparar con la continuación del manual.;LON-E28
LON-E29;ejercicio;progresivo / FEN: r4rk1/1p2bppp/2n1pn2/1p1p1b2/2pP1B2/P1P1PN1P/1P1NBPP1/R4RK1 w - - 1 13 / Juegan las blancas. Compara la jugada de referencia con una jugada de espera. Continúa la secuencia con Ce5 y explica qué plan queda preparado después de Cxe5. / Pista: Señala qué pieza mejora y qué alternativa concreta descartas. / Tiempo recomendado: 4–7 min.;Parte X/XI/XIII;;r4rk1/1p2bppp/2n1pn2/1p1p1b2/2pP1B2/P1P1PN1P/1P1NBPP1/R4RK1 w - - 1 13;Blancas;Reconocer la decisión crítica y conectar apertura, estructura y plan.;800-1400 Elo;Consulta la lectura bilateral y las candidatas específicas de esta posición en el manual.;Consulta la respuesta activa del rival y la ruptura asociada en el manual.;Reproducir la posición, elegir dos candidatas y comparar con la continuación del manual.;LON-E29
LON-E30;ejercicio;progresivo / FEN: r4rk1/1p2bppp/1n2p3/1p1p1b2/2pP4/P1P1P2P/1P1NBPPB/R3R1K1 b - - 4 16 / Juegan las negras. Compara la jugada de referencia con una jugada de espera. Continúa la secuencia con Ca4 y explica qué plan queda preparado después de completar desarrollo. / Pista: Señala qué pieza mejora y qué alternativa concreta descartas. / Tiempo recomendado: 4–7 min.;Parte X/XI/XIII;;r4rk1/1p2bppp/1n2p3/1p1p1b2/2pP4/P1P1P2P/1P1NBPPB/R3R1K1 b - - 4 16;Negras;Reconocer la decisión crítica y conectar apertura, estructura y plan.;800-1400 Elo;Consulta la lectura bilateral y las candidatas específicas de esta posición en el manual.;Consulta la respuesta activa del rival y la ruptura asociada en el manual.;Reproducir la posición, elegir dos candidatas y comparar con la continuación del manual.;LON-E30
LON-E31;ejercicio;progresivo / FEN: rnbqkbnr/ppp1pppp/8/3p4/3P4/5N2/PPP1PPPP/RNBQKB1R b KQkq - 1 2 / Juegan las negras. Explica qué amenaza o plan hace urgente Cf6 en lugar de c5: activar el caballo de rey antes de que el blanco complete su esquema. / Pista: Tu respuesta debe nombrar una casilla o peón y la reacción Af4. / Tiempo recomendado: 4–7 min.;Parte X/XI/XIII;;rnbqkbnr/ppp1pppp/8/3p4/3P4/5N2/PPP1PPPP/RNBQKB1R b KQkq - 1 2;Negras;Reconocer la decisión crítica y conectar apertura, estructura y plan.;800-1400 Elo;Consulta la lectura bilateral y las candidatas específicas de esta posición en el manual.;Consulta la respuesta activa del rival y la ruptura asociada en el manual.;Reproducir la posición, elegir dos candidatas y comparar con la continuación del manual.;LON-E31
LON-E32;ejercicio;progresivo / FEN: r1b1kb1r/pp2pppp/1qn2n2/2pp4/3P1B2/2P1PN2/PP3PPP/RN1QKB1R w KQkq - 1 6 / Juegan las blancas. Explica qué amenaza o plan hace urgente Db3 en lugar de Cd2: resolver la presión doble de ...Db6 sobre b2 y d4. / Pista: Tu respuesta debe nombrar una casilla o peón y la reacción c4. / Tiempo recomendado: 4–7 min.;Parte X/XI/XIII;;r1b1kb1r/pp2pppp/1qn2n2/2pp4/3P1B2/2P1PN2/PP3PPP/RN1QKB1R w KQkq - 1 6;Blancas;Reconocer la decisión crítica y conectar apertura, estructura y plan.;800-1400 Elo;Consulta la lectura bilateral y las candidatas específicas de esta posición en el manual.;Consulta la respuesta activa del rival y la ruptura asociada en el manual.;Reproducir la posición, elegir dos candidatas y comparar con la continuación del manual.;LON-E32
LON-E33;ejercicio;progresivo / FEN: r3kb1r/1p2pppp/1pn2n2/3p1b2/2pP1B2/2P1PN2/PP1N1PPP/R3KB1R w KQkq - 2 9 / Juegan las blancas. Explica qué amenaza o plan hace urgente a3 en lugar de Ae2: elegir una jugada útil tras el cambio de damas y antes de e4. / Pista: Tu respuesta debe nombrar una casilla o peón y la reacción e6. / Tiempo recomendado: 4–7 min.;Parte X/XI/XIII;;r3kb1r/1p2pppp/1pn2n2/3p1b2/2pP1B2/2P1PN2/PP1N1PPP/R3KB1R w KQkq - 2 9;Blancas;"1.d4 d5 / FEN: rnbqkbnr/ppp1pppp/8/3p4/3P4/8/PPP1PPPP/RNBQKBNR w KQkq d6 0 2 / Mueve: Blancas / Qué cambió: ...d5 ocupa e4/c4 y evita que el blanco construya d4-e4 sin oposición. / Evaluación: equilibrio inicial; el negro ha reclamado centro pero todavía no ha desarrollado ninguna pieza. / Desarrollo: el siguiente objetivo negro es ...Cf6, sin bloquear el alfil c8. / Reyes: ambos siguen en el centro; no hay motivo para abrir líneas con peones laterales. / Centro y espacio: d4 y d5 se miran de frente. La ruptura temática futura es ...c5. / Plan negro: ...Cf6, ...c5 y ...Cc6; solo después decidir si ...Db6 crea una amenaza real. / Plan blanco: Cf3/Af4, e3 y c3 para sostener d4. / Peor pieza: caballo g8; ...Cf6 desarrolla y controla e4/e5. / Candidatas: para el blanco, Cf3 o Af4. Si aparece Af4 pronto, el negro no debe perseguirlo: debe atacar el centro. / Error típico: jugar ...f6 para expulsar un futuro Ce5 y debilitar el rey antes de desarrollar. / Referencias: LON-S01; LON-M01; E01/E11/E16/E31.";800-1400 Elo;"1.d4 d5 / FEN: rnbqkbnr/ppp1pppp/8/3p4/3P4/8/PPP1PPPP/RNBQKBNR w KQkq d6 0 2 / Mueve: Blancas / Qué cambió: ...d5 ocupa e4/c4 y evita que el blanco construya d4-e4 sin oposición. / Evaluación: equilibrio inicial; el negro ha reclamado centro pero todavía no ha desarrollado ninguna pieza. / Desarrollo: el siguiente objetivo negro es ...Cf6, sin bloquear el alfil c8. / Reyes: ambos siguen en el centro; no hay motivo para abrir líneas con peones laterales. / Centro y espacio: d4 y d5 se miran de frente. La ruptura temática futura es ...c5. / Plan negro: ...Cf6, ...c5 y ...Cc6; solo después decidir si ...Db6 crea una amenaza real. / Plan blanco: Cf3/Af4, e3 y c3 para sostener d4. / Peor pieza: caballo g8; ...Cf6 desarrolla y controla e4/e5. / Candidatas: para el blanco, Cf3 o Af4. Si aparece Af4 pronto, el negro no debe perseguirlo: debe atacar el centro. / Error típico: jugar ...f6 para expulsar un futuro Ce5 y debilitar el rey antes de desarrollar. / Referencias: LON-S01; LON-M01; E01/E11/E16/E31.";"1.d4 d5 / FEN: rnbqkbnr/ppp1pppp/8/3p4/3P4/8/PPP1PPPP/RNBQKBNR w KQkq d6 0 2 / Mueve: Blancas / Qué cambió: ...d5 ocupa e4/c4 y evita que el blanco construya d4-e4 sin oposición. / Evaluación: equilibrio inicial; el negro ha reclamado centro pero todavía no ha desarrollado ninguna pieza. / Desarrollo: el siguiente objetivo negro es ...Cf6, sin bloquear el alfil c8. / Reyes: ambos siguen en el centro; no hay motivo para abrir líneas con peones laterales. / Centro y espacio: d4 y d5 se miran de frente. La ruptura temática futura es ...c5. / Plan negro: ...Cf6, ...c5 y ...Cc6; solo después decidir si ...Db6 crea una amenaza real. / Plan blanco: Cf3/Af4, e3 y c3 para sostener d4. / Peor pieza: caballo g8; ...Cf6 desarrolla y controla e4/e5. / Candidatas: para el blanco, Cf3 o Af4. Si aparece Af4 pronto, el negro no debe perseguirlo: debe atacar el centro. / Error típico: jugar ...f6 para expulsar un futuro Ce5 y debilitar el rey antes de desarrollar. / Referencias: LON-S01; LON-M01; E01/E11/E16/E31.";Reproducir la posición, elegir dos candidatas y comparar con la continuación del manual.;LON-E33
LON-E34;ejercicio;progresivo / FEN: r4rk1/1p2bppp/1pn1pn2/3p1b2/2pP1B2/P1P1PN1P/1P1NBPP1/R4RK1 b - - 0 12 / Juegan las negras. Explica qué amenaza o plan hace urgente h6 en lugar de Cd7: decidir si la prioridad es una jugada de aire o una pieza. / Pista: Tu respuesta debe nombrar una casilla o peón y la reacción Te1. / Tiempo recomendado: 4–7 min.;Parte X/XI/XIII;;r4rk1/1p2bppp/1pn1pn2/3p1b2/2pP1B2/P1P1PN1P/1P1NBPP1/R4RK1 b - - 0 12;Negras;"1.d4 d5 / FEN: rnbqkbnr/ppp1pppp/8/3p4/3P4/8/PPP1PPPP/RNBQKBNR w KQkq d6 0 2 / Mueve: Blancas / Qué cambió: ...d5 ocupa e4/c4 y evita que el blanco construya d4-e4 sin oposición. / Evaluación: equilibrio inicial; el negro ha reclamado centro pero todavía no ha desarrollado ninguna pieza. / Desarrollo: el siguiente objetivo negro es ...Cf6, sin bloquear el alfil c8. / Reyes: ambos siguen en el centro; no hay motivo para abrir líneas con peones laterales. / Centro y espacio: d4 y d5 se miran de frente. La ruptura temática futura es ...c5. / Plan negro: ...Cf6, ...c5 y ...Cc6; solo después decidir si ...Db6 crea una amenaza real. / Plan blanco: Cf3/Af4, e3 y c3 para sostener d4. / Peor pieza: caballo g8; ...Cf6 desarrolla y controla e4/e5. / Candidatas: para el blanco, Cf3 o Af4. Si aparece Af4 pronto, el negro no debe perseguirlo: debe atacar el centro. / Error típico: jugar ...f6 para expulsar un futuro Ce5 y debilitar el rey antes de desarrollar. / Referencias: LON-S01; LON-M01; E01/E11/E16/E31.";800-1400 Elo;"1.d4 d5 / FEN: rnbqkbnr/ppp1pppp/8/3p4/3P4/8/PPP1PPPP/RNBQKBNR w KQkq d6 0 2 / Mueve: Blancas / Qué cambió: ...d5 ocupa e4/c4 y evita que el blanco construya d4-e4 sin oposición. / Evaluación: equilibrio inicial; el negro ha reclamado centro pero todavía no ha desarrollado ninguna pieza. / Desarrollo: el siguiente objetivo negro es ...Cf6, sin bloquear el alfil c8. / Reyes: ambos siguen en el centro; no hay motivo para abrir líneas con peones laterales. / Centro y espacio: d4 y d5 se miran de frente. La ruptura temática futura es ...c5. / Plan negro: ...Cf6, ...c5 y ...Cc6; solo después decidir si ...Db6 crea una amenaza real. / Plan blanco: Cf3/Af4, e3 y c3 para sostener d4. / Peor pieza: caballo g8; ...Cf6 desarrolla y controla e4/e5. / Candidatas: para el blanco, Cf3 o Af4. Si aparece Af4 pronto, el negro no debe perseguirlo: debe atacar el centro. / Error típico: jugar ...f6 para expulsar un futuro Ce5 y debilitar el rey antes de desarrollar. / Referencias: LON-S01; LON-M01; E01/E11/E16/E31.";"1.d4 d5 / FEN: rnbqkbnr/ppp1pppp/8/3p4/3P4/8/PPP1PPPP/RNBQKBNR w KQkq d6 0 2 / Mueve: Blancas / Qué cambió: ...d5 ocupa e4/c4 y evita que el blanco construya d4-e4 sin oposición. / Evaluación: equilibrio inicial; el negro ha reclamado centro pero todavía no ha desarrollado ninguna pieza. / Desarrollo: el siguiente objetivo negro es ...Cf6, sin bloquear el alfil c8. / Reyes: ambos siguen en el centro; no hay motivo para abrir líneas con peones laterales. / Centro y espacio: d4 y d5 se miran de frente. La ruptura temática futura es ...c5. / Plan negro: ...Cf6, ...c5 y ...Cc6; solo después decidir si ...Db6 crea una amenaza real. / Plan blanco: Cf3/Af4, e3 y c3 para sostener d4. / Peor pieza: caballo g8; ...Cf6 desarrolla y controla e4/e5. / Candidatas: para el blanco, Cf3 o Af4. Si aparece Af4 pronto, el negro no debe perseguirlo: debe atacar el centro. / Error típico: jugar ...f6 para expulsar un futuro Ce5 y debilitar el rey antes de desarrollar. / Referencias: LON-S01; LON-M01; E01/E11/E16/E31.";Reproducir la posición, elegir dos candidatas y comparar con la continuación del manual.;LON-E34
LON-E35;ejercicio;progresivo / FEN: r4rk1/1p1nbpp1/2n1p2p/1p3b2/2pPpB2/P1P2N1P/1P1N1PP1/R3RBK1 w - - 0 16 / Juegan las blancas. Explica qué amenaza o plan hace urgente Cxe4 en lugar de Ae2: recuperar el peón central sin quedar pasivo. / Pista: Tu respuesta debe nombrar una casilla o peón y la reacción Axe4. / Tiempo recomendado: 4–7 min.;Parte X/XI/XIII;1.d4 d5;r4rk1/1p1nbpp1/2n1p2p/1p3b2/2pPpB2/P1P2N1P/1P1N1PP1/R3RBK1 w - - 0 16;Blancas;"1.d4 d5 / FEN: rnbqkbnr/ppp1pppp/8/3p4/3P4/8/PPP1PPPP/RNBQKBNR w KQkq d6 0 2 / Mueve: Blancas / Qué cambió: ...d5 ocupa e4/c4 y evita que el blanco construya d4-e4 sin oposición. / Evaluación: equilibrio inicial; el negro ha reclamado centro pero todavía no ha desarrollado ninguna pieza. / Desarrollo: el siguiente objetivo negro es ...Cf6, sin bloquear el alfil c8. / Reyes: ambos siguen en el centro; no hay motivo para abrir líneas con peones laterales. / Centro y espacio: d4 y d5 se miran de frente. La ruptura temática futura es ...c5. / Plan negro: ...Cf6, ...c5 y ...Cc6; solo después decidir si ...Db6 crea una amenaza real. / Plan blanco: Cf3/Af4, e3 y c3 para sostener d4. / Peor pieza: caballo g8; ...Cf6 desarrolla y controla e4/e5. / Candidatas: para el blanco, Cf3 o Af4. Si aparece Af4 pronto, el negro no debe perseguirlo: debe atacar el centro. / Error típico: jugar ...f6 para expulsar un futuro Ce5 y debilitar el rey antes de desarrollar. / Referencias: LON-S01; LON-M01; E01/E11/E16/E31.";800-1400 Elo;"1.d4 d5 2.Cf3 Cf6 / FEN: rnbqkb1r/ppp1pppp/5n2/3p4/3P4/5N2/PPP1PPPP/RNBQKB1R w KQkq - 2 3 / Mueve: Blancas / Qué cambió: ambos caballos de rey controlan e4/e5; el blanco aún no ha mostrado si jugará Londres, c4 u otro esquema. / Evaluación: igualdad dinámica; el negro conserva flexibilidad. / Desarrollo: ...Cf6 ya cumple dos tareas: desarrolla y reduce la fuerza de e4. / Reyes: el negro puede enrocar corto con ...e6 y ...Ae7; no necesita aventuras de dama aún. / Centro y espacio: d4 sigue sostenido solo por la dama y el caballo f3 indirectamente; ...c5 puede cuestionarlo. / Plan negro: si Af4, responder ...c5; si c4, transponer a estructuras de Gambito de Dama según el repertorio general. / Plan blanco: Af4 y e3 para entrar en Londres. / Peor pieza: caballo b8; su destino c6 aumenta la presión sobre d4 y e5. / Candidatas: Af4/e3 para blancas; ...c5 frente a Af4. / Error típico: jugar ...Af5 automáticamente antes de decidir qué hacer con c5 y c6. / Referencias: LON-P03; LON-S01; E11/E26.";"1.d4 d5 2.Cf3 Cf6 / FEN: rnbqkb1r/ppp1pppp/5n2/3p4/3P4/5N2/PPP1PPPP/RNBQKB1R w KQkq - 2 3 / Mueve: Blancas / Qué cambió: ambos caballos de rey controlan e4/e5; el blanco aún no ha mostrado si jugará Londres, c4 u otro esquema. / Evaluación: igualdad dinámica; el negro conserva flexibilidad. / Desarrollo: ...Cf6 ya cumple dos tareas: desarrolla y reduce la fuerza de e4. / Reyes: el negro puede enrocar corto con ...e6 y ...Ae7; no necesita aventuras de dama aún. / Centro y espacio: d4 sigue sostenido solo por la dama y el caballo f3 indirectamente; ...c5 puede cuestionarlo. / Plan negro: si Af4, responder ...c5; si c4, transponer a estructuras de Gambito de Dama según el repertorio general. / Plan blanco: Af4 y e3 para entrar en Londres. / Peor pieza: caballo b8; su destino c6 aumenta la presión sobre d4 y e5. / Candidatas: Af4/e3 para blancas; ...c5 frente a Af4. / Error típico: jugar ...Af5 automáticamente antes de decidir qué hacer con c5 y c6. / Referencias: LON-P03; LON-S01; E11/E26.";Reproducir la posición, elegir dos candidatas y comparar con la continuación del manual.;LON-E35
LON-E36;ejercicio;progresivo / FEN: r4rk1/1p2bpp1/2n1p2p/1p1n4/2pP1B2/P1P2N1P/1P3PP1/R3RBK1 w - - 3 19 / Juegan las blancas. En tablero virtual, juega Ag3 y verbaliza por qué encaja con la tarea de recolocar el alfil cuando el caballo negro ocupa d5. / Pista: Antes de mover, predice Td8 y revisa si Ae2 cambia la evaluación. / Tiempo recomendado: 4–7 min.;Parte X/XI/XIII;1.d4 d5;r4rk1/1p2bpp1/2n1p2p/1p1n4/2pP1B2/P1P2N1P/1P3PP1/R3RBK1 w - - 3 19;Blancas;"1.d4 d5 / FEN: rnbqkbnr/ppp1pppp/8/3p4/3P4/8/PPP1PPPP/RNBQKBNR w KQkq d6 0 2 / Mueve: Blancas / Qué cambió: ...d5 ocupa e4/c4 y evita que el blanco construya d4-e4 sin oposición. / Evaluación: equilibrio inicial; el negro ha reclamado centro pero todavía no ha desarrollado ninguna pieza. / Desarrollo: el siguiente objetivo negro es ...Cf6, sin bloquear el alfil c8. / Reyes: ambos siguen en el centro; no hay motivo para abrir líneas con peones laterales. / Centro y espacio: d4 y d5 se miran de frente. La ruptura temática futura es ...c5. / Plan negro: ...Cf6, ...c5 y ...Cc6; solo después decidir si ...Db6 crea una amenaza real. / Plan blanco: Cf3/Af4, e3 y c3 para sostener d4. / Peor pieza: caballo g8; ...Cf6 desarrolla y controla e4/e5. / Candidatas: para el blanco, Cf3 o Af4. Si aparece Af4 pronto, el negro no debe perseguirlo: debe atacar el centro. / Error típico: jugar ...f6 para expulsar un futuro Ce5 y debilitar el rey antes de desarrollar. / Referencias: LON-S01; LON-M01; E01/E11/E16/E31.";800-1400 Elo;"1.d4 d5 2.Cf3 Cf6 / FEN: rnbqkb1r/ppp1pppp/5n2/3p4/3P4/5N2/PPP1PPPP/RNBQKB1R w KQkq - 2 3 / Mueve: Blancas / Qué cambió: ambos caballos de rey controlan e4/e5; el blanco aún no ha mostrado si jugará Londres, c4 u otro esquema. / Evaluación: igualdad dinámica; el negro conserva flexibilidad. / Desarrollo: ...Cf6 ya cumple dos tareas: desarrolla y reduce la fuerza de e4. / Reyes: el negro puede enrocar corto con ...e6 y ...Ae7; no necesita aventuras de dama aún. / Centro y espacio: d4 sigue sostenido solo por la dama y el caballo f3 indirectamente; ...c5 puede cuestionarlo. / Plan negro: si Af4, responder ...c5; si c4, transponer a estructuras de Gambito de Dama según el repertorio general. / Plan blanco: Af4 y e3 para entrar en Londres. / Peor pieza: caballo b8; su destino c6 aumenta la presión sobre d4 y e5. / Candidatas: Af4/e3 para blancas; ...c5 frente a Af4. / Error típico: jugar ...Af5 automáticamente antes de decidir qué hacer con c5 y c6. / Referencias: LON-P03; LON-S01; E11/E26.";"1.d4 d5 2.Cf3 Cf6 / FEN: rnbqkb1r/ppp1pppp/5n2/3p4/3P4/5N2/PPP1PPPP/RNBQKB1R w KQkq - 2 3 / Mueve: Blancas / Qué cambió: ambos caballos de rey controlan e4/e5; el blanco aún no ha mostrado si jugará Londres, c4 u otro esquema. / Evaluación: igualdad dinámica; el negro conserva flexibilidad. / Desarrollo: ...Cf6 ya cumple dos tareas: desarrolla y reduce la fuerza de e4. / Reyes: el negro puede enrocar corto con ...e6 y ...Ae7; no necesita aventuras de dama aún. / Centro y espacio: d4 sigue sostenido solo por la dama y el caballo f3 indirectamente; ...c5 puede cuestionarlo. / Plan negro: si Af4, responder ...c5; si c4, transponer a estructuras de Gambito de Dama según el repertorio general. / Plan blanco: Af4 y e3 para entrar en Londres. / Peor pieza: caballo b8; su destino c6 aumenta la presión sobre d4 y e5. / Candidatas: Af4/e3 para blancas; ...c5 frente a Af4. / Error típico: jugar ...Af5 automáticamente antes de decidir qué hacer con c5 y c6. / Referencias: LON-P03; LON-S01; E11/E26.";Reproducir la posición, elegir dos candidatas y comparar con la continuación del manual.;LON-E36
LON-E37;ejercicio;progresivo / FEN: rnbqkb1r/pp2pppp/5n2/2pp4/3P1B2/2P1P3/PP3PPP/RN1QKBNR b KQkq - 0 4 / Juegan las negras. En tablero virtual, juega Cc6 y verbaliza por qué encaja con la tarea de añadir presión real sobre d4 y controlar e5. / Pista: Antes de mover, predice Cd2 y revisa si Db6 cambia la evaluación. / Tiempo recomendado: 4–7 min.;Parte X/XI/XIII;1.d4 d5;rnbqkb1r/pp2pppp/5n2/2pp4/3P1B2/2P1P3/PP3PPP/RN1QKBNR b KQkq - 0 4;Negras;"1.d4 d5 / FEN: rnbqkbnr/ppp1pppp/8/3p4/3P4/8/PPP1PPPP/RNBQKBNR w KQkq d6 0 2 / Mueve: Blancas / Qué cambió: ...d5 ocupa e4/c4 y evita que el blanco construya d4-e4 sin oposición. / Evaluación: equilibrio inicial; el negro ha reclamado centro pero todavía no ha desarrollado ninguna pieza. / Desarrollo: el siguiente objetivo negro es ...Cf6, sin bloquear el alfil c8. / Reyes: ambos siguen en el centro; no hay motivo para abrir líneas con peones laterales. / Centro y espacio: d4 y d5 se miran de frente. La ruptura temática futura es ...c5. / Plan negro: ...Cf6, ...c5 y ...Cc6; solo después decidir si ...Db6 crea una amenaza real. / Plan blanco: Cf3/Af4, e3 y c3 para sostener d4. / Peor pieza: caballo g8; ...Cf6 desarrolla y controla e4/e5. / Candidatas: para el blanco, Cf3 o Af4. Si aparece Af4 pronto, el negro no debe perseguirlo: debe atacar el centro. / Error típico: jugar ...f6 para expulsar un futuro Ce5 y debilitar el rey antes de desarrollar. / Referencias: LON-S01; LON-M01; E01/E11/E16/E31.";800-1400 Elo;"1.d4 d5 2.Cf3 Cf6 3.Af4 c5 / FEN: rnbqkb1r/pp2pppp/5n2/2pp4/3P1B2/5N2/PPP1PPPP/RN1QKB1R w KQkq c6 0 4 / Mueve: Blancas / Qué cambió: Af4 controla e5; ...c5 responde atacando la base d4 antes de que c3 la refuerce. / Evaluación: el negro ha igualado la lucha por el centro sin gastar tiempos en perseguir el alfil. / Desarrollo: el caballo b8 aún debe llegar a c6; ese desarrollo hace más fuerte cualquier presión sobre d4. / Reyes: ninguno está enrocado, por lo que abrir el centro exige contar quién termina antes el desarrollo. / Centro y espacio: c5-d4 es el primer contacto real del repertorio. / Plan negro: ...Cc6, luego ...Db6 si c3 deja b2 sensible. / Plan blanco: e3/c3 y, si puede, Cbd2-Ce5. / Peor pieza: alfil c8; puede salir por f5 después de fijar la estructura. / Candidatas: e3 o c3 para blancas; ...Cc6 como continuación negra. / Error típico: ...c4 inmediato sin haber decidido cómo frenar e4. / Referencias: LON-S01; LON-M01; E07/E22/E37.";"1.d4 d5 2.Cf3 Cf6 3.Af4 c5 / FEN: rnbqkb1r/pp2pppp/5n2/2pp4/3P1B2/5N2/PPP1PPPP/RN1QKB1R w KQkq c6 0 4 / Mueve: Blancas / Qué cambió: Af4 controla e5; ...c5 responde atacando la base d4 antes de que c3 la refuerce. / Evaluación: el negro ha igualado la lucha por el centro sin gastar tiempos en perseguir el alfil. / Desarrollo: el caballo b8 aún debe llegar a c6; ese desarrollo hace más fuerte cualquier presión sobre d4. / Reyes: ninguno está enrocado, por lo que abrir el centro exige contar quién termina antes el desarrollo. / Centro y espacio: c5-d4 es el primer contacto real del repertorio. / Plan negro: ...Cc6, luego ...Db6 si c3 deja b2 sensible. / Plan blanco: e3/c3 y, si puede, Cbd2-Ce5. / Peor pieza: alfil c8; puede salir por f5 después de fijar la estructura. / Candidatas: e3 o c3 para blancas; ...Cc6 como continuación negra. / Error típico: ...c4 inmediato sin haber decidido cómo frenar e4. / Referencias: LON-S01; LON-M01; E07/E22/E37.";Reproducir la posición, elegir dos candidatas y comparar con la continuación del manual.;LON-E37
LON-E38;ejercicio;progresivo / FEN: r2qkb1r/pp3ppp/2n1pn2/2pp1b2/3P1B2/2P1PN2/PP1NBPPP/R2QK2R b KQkq - 1 7 / Juegan las negras. En tablero virtual, juega Ae7 y verbaliza por qué encaja con la tarea de completar el desarrollo del flanco de rey sin perder el centro. / Pista: Antes de mover, predice O-O y revisa si Db6 cambia la evaluación. / Tiempo recomendado: 4–7 min.;Parte X/XI/XIII;1.d4 d5;r2qkb1r/pp3ppp/2n1pn2/2pp1b2/3P1B2/2P1PN2/PP1NBPPP/R2QK2R b KQkq - 1 7;Negras;"1.d4 d5 / FEN: rnbqkbnr/ppp1pppp/8/3p4/3P4/8/PPP1PPPP/RNBQKBNR w KQkq d6 0 2 / Mueve: Blancas / Qué cambió: ...d5 ocupa e4/c4 y evita que el blanco construya d4-e4 sin oposición. / Evaluación: equilibrio inicial; el negro ha reclamado centro pero todavía no ha desarrollado ninguna pieza. / Desarrollo: el siguiente objetivo negro es ...Cf6, sin bloquear el alfil c8. / Reyes: ambos siguen en el centro; no hay motivo para abrir líneas con peones laterales. / Centro y espacio: d4 y d5 se miran de frente. La ruptura temática futura es ...c5. / Plan negro: ...Cf6, ...c5 y ...Cc6; solo después decidir si ...Db6 crea una amenaza real. / Plan blanco: Cf3/Af4, e3 y c3 para sostener d4. / Peor pieza: caballo g8; ...Cf6 desarrolla y controla e4/e5. / Candidatas: para el blanco, Cf3 o Af4. Si aparece Af4 pronto, el negro no debe perseguirlo: debe atacar el centro. / Error típico: jugar ...f6 para expulsar un futuro Ce5 y debilitar el rey antes de desarrollar. / Referencias: LON-S01; LON-M01; E01/E11/E16/E31.";800-1400 Elo;"1.d4 d5 2.Cf3 Cf6 3.Af4 c5 / FEN: rnbqkb1r/pp2pppp/5n2/2pp4/3P1B2/5N2/PPP1PPPP/RN1QKB1R w KQkq c6 0 4 / Mueve: Blancas / Qué cambió: Af4 controla e5; ...c5 responde atacando la base d4 antes de que c3 la refuerce. / Evaluación: el negro ha igualado la lucha por el centro sin gastar tiempos en perseguir el alfil. / Desarrollo: el caballo b8 aún debe llegar a c6; ese desarrollo hace más fuerte cualquier presión sobre d4. / Reyes: ninguno está enrocado, por lo que abrir el centro exige contar quién termina antes el desarrollo. / Centro y espacio: c5-d4 es el primer contacto real del repertorio. / Plan negro: ...Cc6, luego ...Db6 si c3 deja b2 sensible. / Plan blanco: e3/c3 y, si puede, Cbd2-Ce5. / Peor pieza: alfil c8; puede salir por f5 después de fijar la estructura. / Candidatas: e3 o c3 para blancas; ...Cc6 como continuación negra. / Error típico: ...c4 inmediato sin haber decidido cómo frenar e4. / Referencias: LON-S01; LON-M01; E07/E22/E37.";"1.d4 d5 2.Cf3 Cf6 3.Af4 c5 / FEN: rnbqkb1r/pp2pppp/5n2/2pp4/3P1B2/5N2/PPP1PPPP/RN1QKB1R w KQkq c6 0 4 / Mueve: Blancas / Qué cambió: Af4 controla e5; ...c5 responde atacando la base d4 antes de que c3 la refuerce. / Evaluación: el negro ha igualado la lucha por el centro sin gastar tiempos en perseguir el alfil. / Desarrollo: el caballo b8 aún debe llegar a c6; ese desarrollo hace más fuerte cualquier presión sobre d4. / Reyes: ninguno está enrocado, por lo que abrir el centro exige contar quién termina antes el desarrollo. / Centro y espacio: c5-d4 es el primer contacto real del repertorio. / Plan negro: ...Cc6, luego ...Db6 si c3 deja b2 sensible. / Plan blanco: e3/c3 y, si puede, Cbd2-Ce5. / Peor pieza: alfil c8; puede salir por f5 después de fijar la estructura. / Candidatas: e3 o c3 para blancas; ...Cc6 como continuación negra. / Error típico: ...c4 inmediato sin haber decidido cómo frenar e4. / Referencias: LON-S01; LON-M01; E07/E22/E37.";Reproducir la posición, elegir dos candidatas y comparar con la continuación del manual.;LON-E38
LON-E39;ejercicio;progresivo / FEN: 2rq1rk1/pp2bpp1/2n1pn1p/2ppNb2/3P1B2/2P1P2P/PP1NBPP1/R2Q1RK1 w - - 2 11 / Juegan las blancas. En tablero virtual, juega Cxc6 y verbaliza por qué encaja con la tarea de decidir qué hacer con el caballo avanzado en e5 y la columna c. / Pista: Antes de mover, predice Txc6 y revisa si Db3 cambia la evaluación. / Tiempo recomendado: 4–7 min.;Parte X/XI/XIII;1.d4 d5;2rq1rk1/pp2bpp1/2n1pn1p/2ppNb2/3P1B2/2P1P2P/PP1NBPP1/R2Q1RK1 w - - 2 11;Blancas;"1.d4 d5 / FEN: rnbqkbnr/ppp1pppp/8/3p4/3P4/8/PPP1PPPP/RNBQKBNR w KQkq d6 0 2 / Mueve: Blancas / Qué cambió: ...d5 ocupa e4/c4 y evita que el blanco construya d4-e4 sin oposición. / Evaluación: equilibrio inicial; el negro ha reclamado centro pero todavía no ha desarrollado ninguna pieza. / Desarrollo: el siguiente objetivo negro es ...Cf6, sin bloquear el alfil c8. / Reyes: ambos siguen en el centro; no hay motivo para abrir líneas con peones laterales. / Centro y espacio: d4 y d5 se miran de frente. La ruptura temática futura es ...c5. / Plan negro: ...Cf6, ...c5 y ...Cc6; solo después decidir si ...Db6 crea una amenaza real. / Plan blanco: Cf3/Af4, e3 y c3 para sostener d4. / Peor pieza: caballo g8; ...Cf6 desarrolla y controla e4/e5. / Candidatas: para el blanco, Cf3 o Af4. Si aparece Af4 pronto, el negro no debe perseguirlo: debe atacar el centro. / Error típico: jugar ...f6 para expulsar un futuro Ce5 y debilitar el rey antes de desarrollar. / Referencias: LON-S01; LON-M01; E01/E11/E16/E31.";800-1400 Elo;"1.d4 d5 2.Cf3 Cf6 3.Af4 c5 4.e3 Cc6 / FEN: r1bqkb1r/pp2pppp/2n2n2/2pp4/3P1B2/4PN2/PPP2PPP/RN1QKB1R w KQkq - 1 5 / Mueve: Blancas / Qué cambió: ...Cc6 añade un segundo atacante potencial sobre d4 y controla e5, la casilla que el Londres quiere para Cf3. / Evaluación: posición sana; el negro ha desarrollado con ganancia estratégica de presión. / Desarrollo: la dama y el alfil c8 todavía esperan; no conviene mover la dama si c3 no ha aparecido. / Reyes: ...e6 y ...Ae7 permitirán enrocar sin debilidades. / Centro y espacio: la tensión c5-d4 sigue viva; conservarla obliga al blanco a decidir. / Plan negro: si c3, ...Db6; si el blanco cambia en c5, recuperar sin perder desarrollo. / Plan blanco: c3 y Cbd2 para reforzar el centro. / Peor pieza: alfil c8, que puede ir f5/g4 según el orden. / Candidatas: c3/Cbd2 para blancas; ...Db6 solo después de c3. / Error típico: cambiar en d4 por rutina y regalar al blanco desarrollo cómodo con exd4. / Referencias: LON-S01; LON-M01; E02/E17/E32.";"1.d4 d5 2.Cf3 Cf6 3.Af4 c5 4.e3 Cc6 / FEN: r1bqkb1r/pp2pppp/2n2n2/2pp4/3P1B2/4PN2/PPP2PPP/RN1QKB1R w KQkq - 1 5 / Mueve: Blancas / Qué cambió: ...Cc6 añade un segundo atacante potencial sobre d4 y controla e5, la casilla que el Londres quiere para Cf3. / Evaluación: posición sana; el negro ha desarrollado con ganancia estratégica de presión. / Desarrollo: la dama y el alfil c8 todavía esperan; no conviene mover la dama si c3 no ha aparecido. / Reyes: ...e6 y ...Ae7 permitirán enrocar sin debilidades. / Centro y espacio: la tensión c5-d4 sigue viva; conservarla obliga al blanco a decidir. / Plan negro: si c3, ...Db6; si el blanco cambia en c5, recuperar sin perder desarrollo. / Plan blanco: c3 y Cbd2 para reforzar el centro. / Peor pieza: alfil c8, que puede ir f5/g4 según el orden. / Candidatas: c3/Cbd2 para blancas; ...Db6 solo después de c3. / Error típico: cambiar en d4 por rutina y regalar al blanco desarrollo cómodo con exd4. / Referencias: LON-S01; LON-M01; E02/E17/E32.";Reproducir la posición, elegir dos candidatas y comparar con la continuación del manual.;LON-E39
